,function,reqID,start,finish,mergingPoint,host,duration
0,ChatBot_Header,efc1bca457e5430da1269344a802f524,2022-08-09 04:03:39.606000,2022-08-09 04:03:39.625000,,s,19.0
1,ChatBot_Header,e06a4695e6d54e6280ef33f0d05427e8,2022-08-09 04:03:39.410000,2022-08-09 04:03:39.431000,,s,21.0
2,ChatBot_Header,df921b53f21045edb8c69c6e4495980a,2022-08-09 04:03:39.201000,2022-08-09 04:03:39.221000,,s,20.0
3,ChatBot_Header,e2e5390bcb134f13b47c3894132302c7,2022-08-09 04:03:39.006000,2022-08-09 04:03:39.027000,,s,21.0
4,ChatBot_Header,66d2e342d29f4a10ac350760aef11396,2022-08-09 04:03:38.787000,2022-08-09 04:03:38.812000,,s,25.0
5,ChatBot_Header,69c6115a838a4df98aacf30d0349e010,2022-08-09 04:03:38.591000,2022-08-09 04:03:38.610000,,s,19.0
6,ChatBot_Header,d07a5557f1164a71890a05e0e799a1e7,2022-08-09 04:03:38.397000,2022-08-09 04:03:38.418000,,s,21.0
7,ChatBot_Header,053d6265992842e0bddb37373b189873,2022-08-09 04:03:38.195000,2022-08-09 04:03:38.214000,,s,19.0
8,ChatBot_Header,494c94b1704342659709a670d25684b9,2022-08-09 04:03:37.986000,2022-08-09 04:03:38.009000,,s,23.0
9,ChatBot_Header,67969576cac44eadaebc1d206df3617a,2022-08-09 04:03:37.796000,2022-08-09 04:03:37.816000,,s,20.0
10,ChatBot_Header,4a785b9876114316a07f98673ae37ec0,2022-08-09 04:03:37.601000,2022-08-09 04:03:37.620000,,s,19.0
11,ChatBot_Header,c380ae2f6f174742adb91c19adc2fa96,2022-08-09 04:03:37.406000,2022-08-09 04:03:37.426000,,s,20.0
12,ChatBot_Header,23af9931d66646b8b366f66f2572ac8a,2022-08-09 04:03:37.136000,2022-08-09 04:03:37.157000,,s,21.0
13,ChatBot_Header,e9a2aea2734b4b0eb0a8e36baaf3b956,2022-08-09 04:03:36.945000,2022-08-09 04:03:36.965000,,s,20.0
14,ChatBot_Header,0810193c91044bfdb209128a37aef373,2022-08-09 04:03:36.751000,2022-08-09 04:03:36.775000,,s,24.0
15,ChatBot_Header,cff9f7c1b3ac426a8ab2e848205bfa51,2022-08-09 04:03:36.548000,2022-08-09 04:03:36.569000,,s,21.0
16,ChatBot_Header,40ea1bf255594a1c8418dd771604b2ea,2022-08-09 04:03:36.343000,2022-08-09 04:03:36.375000,,s,32.0
17,ChatBot_Header,07bd8598dc3c45098ea46008c5abd635,2022-08-09 04:03:36.132000,2022-08-09 04:03:36.161000,,s,29.0
18,ChatBot_Header,997e20d347bd463fbe4a617ea160fed2,2022-08-09 04:03:35.931000,2022-08-09 04:03:35.952000,,s,21.0
19,ChatBot_Header,cf4095f509354bf19f2e637c99271d72,2022-08-09 04:03:35.731000,2022-08-09 04:03:35.760000,,s,29.0
20,ChatBot_Header,a91680b3ac3547d0aca753c9f3bbefad,2022-08-09 04:03:35.539000,2022-08-09 04:03:35.560000,,s,21.0
21,ChatBot_Header,e4a5bb5d07394321983fc515f90d5212,2022-08-09 04:03:35.156000,2022-08-09 04:03:35.180000,,s,24.0
22,ChatBot_Header,78247a8b52f044d5b04e39fe4452a4e9,2022-08-09 04:03:34.860000,2022-08-09 04:03:34.971000,,s,111.0
23,ChatBot_Header,35739fbdedda40f8ab3d2c93298c6497,2022-08-09 04:03:34.645000,2022-08-09 04:03:34.673000,,s,28.0
24,ChatBot_Header,b1f26d872e9944e4bdb81070ab24f4ed,2022-08-09 04:03:34.451000,2022-08-09 04:03:34.476000,,s,25.0
25,ChatBot_Header,d36ae5845bc948a9b0fccb8aa8ce5f0c,2022-08-09 04:03:34.212000,2022-08-09 04:03:34.278000,,s,66.0
26,ChatBot_Header,614f8a24051f42c7b588c46094503638,2022-08-09 04:03:34.004000,2022-08-09 04:03:34.034000,,s,30.0
27,ChatBot_Header,f154a9a3e50f4f3aa9674f53bdc12cc7,2022-08-09 04:03:33.804000,2022-08-09 04:03:33.838000,,s,34.0
28,ChatBot_Header,5b0c911b9495405ab203de61cbf032af,2022-08-09 04:03:33.582000,2022-08-09 04:03:33.612000,,s,30.0
29,ChatBot_Header,b1861ad16fc649b1a1383cd0b422e152,2022-08-09 04:03:33.373000,2022-08-09 04:03:33.400000,,s,27.0
30,ChatBot_Header,cc7aa7c621bc490eb719a9115d02ff05,2022-08-09 04:03:33.115000,2022-08-09 04:03:33.152000,,s,37.0
31,ChatBot_Header,81ef5567ee8b4787bdc3f90115223cd1,2022-08-09 04:03:32.918000,2022-08-09 04:03:32.941000,,s,23.0
32,ChatBot_Header,63236556c0be45858c87051fab591f8f,2022-08-09 04:03:32.720000,2022-08-09 04:03:32.747000,,s,27.0
33,ChatBot_Header,ac75e7b7be52434bba7988ad7931f38c,2022-08-09 04:03:32.511000,2022-08-09 04:03:32.537000,,s,26.0
34,ChatBot_Header,4dba02a2d58f48f0b26d580fa990c83e,2022-08-09 04:03:32.309000,2022-08-09 04:03:32.336000,,s,27.0
35,ChatBot_Header,3cf3eb99a4f44c48bb652f5c2217e7c9,2022-08-09 04:03:32.118000,2022-08-09 04:03:32.146000,,s,28.0
36,ChatBot_Header,91db45b8851448f5a66815234c2a8b86,2022-08-09 04:03:31.928000,2022-08-09 04:03:31.953000,,s,25.0
37,ChatBot_Header,f81e3c320f184304b62316e0a7b3a94e,2022-08-09 04:03:31.721000,2022-08-09 04:03:31.755000,,s,34.0
38,ChatBot_Header,211d41cb96034406adc57fa3f59dd8a9,2022-08-09 04:03:31.479000,2022-08-09 04:03:31.532000,,s,53.0
39,ChatBot_Header,581676c265d840208c243070a186c236,2022-08-09 04:03:31.154000,2022-08-09 04:03:31.283000,,s,129.0
40,ChatBot_Header,a043b1222df5440cb0b49b0c78c97324,2022-08-09 04:03:30.942000,2022-08-09 04:03:30.971000,,s,29.0
41,ChatBot_Header,ecad5da0f2914734a57279644e43f7a2,2022-08-09 04:03:30.717000,2022-08-09 04:03:30.758000,,s,41.0
42,ChatBot_Header,b479cea564bf45d0859251b897f15ea3,2022-08-09 04:03:30.498000,2022-08-09 04:03:30.525000,,s,27.0
43,ChatBot_Header,8721f1f2a6404b38b39ed7fe50a10734,2022-08-09 04:03:30.277000,2022-08-09 04:03:30.322000,,s,45.0
44,ChatBot_Header,54ab7736d0ed4c7ba10094b7b2261220,2022-08-09 04:03:30.072000,2022-08-09 04:03:30.107000,,s,35.0
45,ChatBot_Header,b3362b044624487c8422011e0960f6dd,2022-08-09 04:03:29.850000,2022-08-09 04:03:29.892000,,s,42.0
46,ChatBot_Header,005498d12db64764847beb95ec542d94,2022-08-09 04:03:29.628000,2022-08-09 04:03:29.664000,,s,36.0
47,ChatBot_Header,ed34b75003dd4ff98b8e548f2f82234e,2022-08-09 04:03:29.382000,2022-08-09 04:03:29.445000,,s,63.0
48,ChatBot_Header,cd204ec9f7ca46ca876336718499c720,2022-08-09 04:03:29.155000,2022-08-09 04:03:29.204000,,s,49.0
49,ChatBot_Header,da321ae0788f40d2b5ddc799bc1e0fa5,2022-08-09 04:03:28.572000,2022-08-09 04:03:28.747000,,s,175.0
50,ChatBot_Header,3bb28750eabf4d1188f13f03096b46ef,2022-08-09 04:01:15.702000,2022-08-09 04:01:18.279000,,s,2577.0
51,ChatBot_Header,33b91c9d51314b6e882ead73530ab34d,2022-08-09 03:10:27.333000,2022-08-09 03:10:27.762000,,s,429.0
52,ChatBot_Header,ab4837a014584762925f80e151b1b4ab,2022-08-09 00:53:40.845000,2022-08-09 00:53:46.986000,,s,6141.0
53,ChatBot_Header,71fc8f6f9c3c44a6a0678ce95f59a35b,2022-08-05 19:27:20.811000,2022-08-05 19:27:21.073000,,s,262.0
54,ChatBot_Header,c57dda33989e4e27a99be7fa7d2f84ac,2022-08-05 19:20:11.949000,2022-08-05 19:20:12.119000,,s,170.0
55,ChatBot_Header,78e169666aa84208b861932b234ab1d6,2022-08-05 19:12:17.641000,2022-08-05 19:12:17.808000,,s,167.0
56,ChatBot_Header,d775445988c34470bb2898c870a841ff,2022-08-05 19:07:39.840000,2022-08-05 19:07:40.025000,,s,185.0
57,ChatBot_Header,076fe4b5f550436fbdbf8e125e7689c9,2022-08-05 19:02:56.733000,2022-08-05 19:02:56.906000,,s,173.0
58,ChatBot_Header,49f8d19baa9142c28b9a944a38b32b84,2022-08-05 18:57:52.482000,2022-08-05 18:57:52.712000,,s,230.0
59,ChatBot_Header,55fb1ee42cd24d74be1abe18d1dc84ee,2022-08-05 18:52:23.181000,2022-08-05 18:52:23.643000,,s,462.0
60,ChatBot_Split,efc1bca457e5430da1269344a802f524,2022-08-09 04:03:41.929000,2022-08-09 04:04:08.469000,,s,26540.0
61,ChatBot_Split,c380ae2f6f174742adb91c19adc2fa96,2022-08-09 04:03:39.647000,2022-08-09 04:04:07.982000,,s,28335.0
62,ChatBot_Split,e06a4695e6d54e6280ef33f0d05427e8,2022-08-09 04:03:39.495000,2022-08-09 04:04:07.763000,,s,28268.0
63,ChatBot_Split,23af9931d66646b8b366f66f2572ac8a,2022-08-09 04:03:39.477000,2022-08-09 04:04:05.220000,,s,25743.0
64,ChatBot_Split,78247a8b52f044d5b04e39fe4452a4e9,2022-08-09 04:03:39.356000,2022-08-09 04:04:05.607000,,s,26251.0
65,ChatBot_Split,0810193c91044bfdb209128a37aef373,2022-08-09 04:03:38.998000,2022-08-09 04:04:04.877000,,s,25879.0
66,ChatBot_Split,40ea1bf255594a1c8418dd771604b2ea,2022-08-09 04:03:38.683000,2022-08-09 04:04:04.414000,,s,25731.0
67,ChatBot_Split,81ef5567ee8b4787bdc3f90115223cd1,2022-08-09 04:03:35.291000,2022-08-09 04:04:03.920000,,s,28629.0
68,ChatBot_Split,f154a9a3e50f4f3aa9674f53bdc12cc7,2022-08-09 04:03:33.903000,2022-08-09 04:04:04.037000,,s,30134.0
69,ChatBot_Split,581676c265d840208c243070a186c236,2022-08-09 04:03:33.887000,2022-08-09 04:04:00.288000,,s,26401.0
70,ChatBot_Split,211d41cb96034406adc57fa3f59dd8a9,2022-08-09 04:03:33.867000,2022-08-09 04:04:01.262000,,s,27395.0
71,ChatBot_Split,b479cea564bf45d0859251b897f15ea3,2022-08-09 04:03:32.913000,2022-08-09 04:03:57.584000,,s,24671.0
72,ChatBot_Split,8721f1f2a6404b38b39ed7fe50a10734,2022-08-09 04:03:32.672000,2022-08-09 04:03:55.360000,,s,22688.0
73,ChatBot_Split,ac75e7b7be52434bba7988ad7931f38c,2022-08-09 04:03:32.610000,2022-08-09 04:04:03.455000,,s,30845.0
74,ChatBot_Split,a043b1222df5440cb0b49b0c78c97324,2022-08-09 04:03:31.029000,2022-08-09 04:03:58.897000,,s,27868.0
75,ChatBot_Split,ecad5da0f2914734a57279644e43f7a2,2022-08-09 04:03:30.819000,2022-08-09 04:03:58.579000,,s,27760.0
76,ChatBot_Split,da321ae0788f40d2b5ddc799bc1e0fa5,2022-08-09 04:03:30.320000,2022-08-09 04:03:56.181000,,s,25861.0
77,ChatBot_Split,cd204ec9f7ca46ca876336718499c720,2022-08-09 04:03:30.298000,2022-08-09 04:03:57.020000,,s,26722.0
78,ChatBot_Split,54ab7736d0ed4c7ba10094b7b2261220,2022-08-09 04:03:30.181000,2022-08-09 04:03:57.803000,,s,27622.0
79,ChatBot_Split,005498d12db64764847beb95ec542d94,2022-08-09 04:03:30.057000,2022-08-09 04:03:55.018000,,s,24961.0
80,ChatBot_Split,ed34b75003dd4ff98b8e548f2f82234e,2022-08-09 04:03:30.007000,2022-08-09 04:03:54.056000,,s,24049.0
81,ChatBot_Split,b3362b044624487c8422011e0960f6dd,2022-08-09 04:03:29.939000,2022-08-09 04:03:50.553000,,s,20614.0
82,ChatBot_Split,3bb28750eabf4d1188f13f03096b46ef,2022-08-09 04:01:19.458000,2022-08-09 04:01:43.570000,,s,24112.0
83,ChatBot_Split,33b91c9d51314b6e882ead73530ab34d,2022-08-09 03:10:28.994000,2022-08-09 03:10:53.017000,,s,24023.0
84,ChatBot_Split,ab4837a014584762925f80e151b1b4ab,2022-08-09 00:53:48.662000,2022-08-09 00:54:12.665000,,s,24003.0
85,ChatBot_Split,71fc8f6f9c3c44a6a0678ce95f59a35b,2022-08-05 19:27:22.851000,2022-08-05 19:27:45.293000,,s,22442.0
86,ChatBot_Split,c57dda33989e4e27a99be7fa7d2f84ac,2022-08-05 19:20:13.765000,2022-08-05 19:20:36.173000,,s,22408.0
87,ChatBot_Split,78e169666aa84208b861932b234ab1d6,2022-08-05 19:12:17.962000,2022-08-05 19:12:40.405000,,s,22443.0
88,ChatBot_TrainIntent,efc1bca457e5430da1269344a802f524,2022-08-09 04:04:08.468000,2022-08-09 04:04:14.248000,,s,5780.0
89,ChatBot_TrainIntent,efc1bca457e5430da1269344a802f524,2022-08-09 04:04:08.459000,2022-08-09 04:04:12.715000,,s,4256.0
90,ChatBot_TrainIntent,efc1bca457e5430da1269344a802f524,2022-08-09 04:04:08.449000,2022-08-09 04:04:12.241000,,s,3792.0
91,ChatBot_TrainIntent,efc1bca457e5430da1269344a802f524,2022-08-09 04:04:08.441000,2022-08-09 04:04:14.906000,,s,6465.0
92,ChatBot_TrainIntent,efc1bca457e5430da1269344a802f524,2022-08-09 04:04:08.431000,2022-08-09 04:04:11.525000,,s,3094.0
93,ChatBot_TrainIntent,efc1bca457e5430da1269344a802f524,2022-08-09 04:04:08.422000,2022-08-09 04:04:12.092000,,s,3670.0
94,ChatBot_TrainIntent,efc1bca457e5430da1269344a802f524,2022-08-09 04:04:08.413000,2022-08-09 04:04:14.842000,,s,6429.0
95,ChatBot_TrainIntent,efc1bca457e5430da1269344a802f524,2022-08-09 04:04:08.405000,2022-08-09 04:04:11.372000,,s,2967.0
96,ChatBot_TrainIntent,efc1bca457e5430da1269344a802f524,2022-08-09 04:04:08.385000,2022-08-09 04:04:11.255000,,s,2870.0
97,ChatBot_TrainIntent,efc1bca457e5430da1269344a802f524,2022-08-09 04:04:08.375000,2022-08-09 04:04:11.977000,,s,3602.0
98,ChatBot_TrainIntent,efc1bca457e5430da1269344a802f524,2022-08-09 04:04:08.363000,2022-08-09 04:04:11.902000,,s,3539.0
99,ChatBot_TrainIntent,efc1bca457e5430da1269344a802f524,2022-08-09 04:04:08.351000,2022-08-09 04:04:11.271000,,s,2920.0
100,ChatBot_TrainIntent,efc1bca457e5430da1269344a802f524,2022-08-09 04:04:08.343000,2022-08-09 04:04:12.174000,,s,3831.0
101,ChatBot_TrainIntent,efc1bca457e5430da1269344a802f524,2022-08-09 04:04:08.333000,2022-08-09 04:04:11.333000,,s,3000.0
102,ChatBot_TrainIntent,efc1bca457e5430da1269344a802f524,2022-08-09 04:04:08.325000,2022-08-09 04:04:11.127000,,s,2802.0
103,ChatBot_TrainIntent,efc1bca457e5430da1269344a802f524,2022-08-09 04:04:08.315000,2022-08-09 04:04:11.823000,,s,3508.0
104,ChatBot_TrainIntent,efc1bca457e5430da1269344a802f524,2022-08-09 04:04:08.306000,2022-08-09 04:04:11.706000,,s,3400.0
105,ChatBot_TrainIntent,efc1bca457e5430da1269344a802f524,2022-08-09 04:04:08.296000,2022-08-09 04:04:11.781000,,s,3485.0
106,ChatBot_TrainIntent,efc1bca457e5430da1269344a802f524,2022-08-09 04:04:08.285000,2022-08-09 04:04:11.886000,,s,3601.0
107,ChatBot_TrainIntent,efc1bca457e5430da1269344a802f524,2022-08-09 04:04:08.277000,2022-08-09 04:04:12.016000,,s,3739.0
108,ChatBot_TrainIntent,efc1bca457e5430da1269344a802f524,2022-08-09 04:04:08.268000,2022-08-09 04:04:11.268000,,s,3000.0
109,ChatBot_TrainIntent,efc1bca457e5430da1269344a802f524,2022-08-09 04:04:08.259000,2022-08-09 04:04:13.092000,,s,4833.0
110,ChatBot_TrainIntent,c380ae2f6f174742adb91c19adc2fa96,2022-08-09 04:04:07.981000,2022-08-09 04:04:13.901000,,s,5920.0
111,ChatBot_TrainIntent,c380ae2f6f174742adb91c19adc2fa96,2022-08-09 04:04:07.971000,2022-08-09 04:04:11.633000,,s,3662.0
112,ChatBot_TrainIntent,c380ae2f6f174742adb91c19adc2fa96,2022-08-09 04:04:07.962000,2022-08-09 04:04:11.582000,,s,3620.0
113,ChatBot_TrainIntent,c380ae2f6f174742adb91c19adc2fa96,2022-08-09 04:04:07.951000,2022-08-09 04:04:14.727000,,s,6776.0
114,ChatBot_TrainIntent,c380ae2f6f174742adb91c19adc2fa96,2022-08-09 04:04:07.942000,2022-08-09 04:04:11.769000,,s,3827.0
115,ChatBot_TrainIntent,c380ae2f6f174742adb91c19adc2fa96,2022-08-09 04:04:07.934000,2022-08-09 04:04:11.061000,,s,3127.0
116,ChatBot_TrainIntent,c380ae2f6f174742adb91c19adc2fa96,2022-08-09 04:04:07.926000,2022-08-09 04:04:14.172000,,s,6246.0
117,ChatBot_TrainIntent,c380ae2f6f174742adb91c19adc2fa96,2022-08-09 04:04:07.917000,2022-08-09 04:04:10.788000,,s,2871.0
118,ChatBot_TrainIntent,c380ae2f6f174742adb91c19adc2fa96,2022-08-09 04:04:07.909000,2022-08-09 04:04:10.907000,,s,2998.0
119,ChatBot_TrainIntent,c380ae2f6f174742adb91c19adc2fa96,2022-08-09 04:04:07.900000,2022-08-09 04:04:10.972000,,s,3072.0
120,ChatBot_TrainIntent,c380ae2f6f174742adb91c19adc2fa96,2022-08-09 04:04:07.891000,2022-08-09 04:04:10.803000,,s,2912.0
121,ChatBot_TrainIntent,c380ae2f6f174742adb91c19adc2fa96,2022-08-09 04:04:07.883000,2022-08-09 04:04:11.092000,,s,3209.0
122,ChatBot_TrainIntent,c380ae2f6f174742adb91c19adc2fa96,2022-08-09 04:04:07.870000,2022-08-09 04:04:11.609000,,s,3739.0
123,ChatBot_TrainIntent,c380ae2f6f174742adb91c19adc2fa96,2022-08-09 04:04:07.861000,2022-08-09 04:04:10.846000,,s,2985.0
124,ChatBot_TrainIntent,c380ae2f6f174742adb91c19adc2fa96,2022-08-09 04:04:07.853000,2022-08-09 04:04:10.926000,,s,3073.0
125,ChatBot_TrainIntent,c380ae2f6f174742adb91c19adc2fa96,2022-08-09 04:04:07.843000,2022-08-09 04:04:11.621000,,s,3778.0
126,ChatBot_TrainIntent,c380ae2f6f174742adb91c19adc2fa96,2022-08-09 04:04:07.834000,2022-08-09 04:04:12.667000,,s,4833.0
127,ChatBot_TrainIntent,c380ae2f6f174742adb91c19adc2fa96,2022-08-09 04:04:07.824000,2022-08-09 04:04:11.360000,,s,3536.0
128,ChatBot_TrainIntent,c380ae2f6f174742adb91c19adc2fa96,2022-08-09 04:04:07.815000,2022-08-09 04:04:11.301000,,s,3486.0
129,ChatBot_TrainIntent,c380ae2f6f174742adb91c19adc2fa96,2022-08-09 04:04:07.807000,2022-08-09 04:04:11.849000,,s,4042.0
130,ChatBot_TrainIntent,c380ae2f6f174742adb91c19adc2fa96,2022-08-09 04:04:07.799000,2022-08-09 04:04:10.816000,,s,3017.0
131,ChatBot_TrainIntent,c380ae2f6f174742adb91c19adc2fa96,2022-08-09 04:04:07.788000,2022-08-09 04:04:12.669000,,s,4881.0
132,ChatBot_TrainIntent,e06a4695e6d54e6280ef33f0d05427e8,2022-08-09 04:04:07.764000,2022-08-09 04:04:14.083000,,s,6319.0
133,ChatBot_TrainIntent,e06a4695e6d54e6280ef33f0d05427e8,2022-08-09 04:04:07.753000,2022-08-09 04:04:12.895000,,s,5142.0
134,ChatBot_TrainIntent,e06a4695e6d54e6280ef33f0d05427e8,2022-08-09 04:04:07.744000,2022-08-09 04:04:10.686000,,s,2942.0
135,ChatBot_TrainIntent,e06a4695e6d54e6280ef33f0d05427e8,2022-08-09 04:04:07.736000,2022-08-09 04:04:14.023000,,s,6287.0
136,ChatBot_TrainIntent,e06a4695e6d54e6280ef33f0d05427e8,2022-08-09 04:04:07.727000,2022-08-09 04:04:11.311000,,s,3584.0
137,ChatBot_TrainIntent,e06a4695e6d54e6280ef33f0d05427e8,2022-08-09 04:04:07.717000,2022-08-09 04:04:10.607000,,s,2890.0
138,ChatBot_TrainIntent,e06a4695e6d54e6280ef33f0d05427e8,2022-08-09 04:04:07.709000,2022-08-09 04:04:14.674000,,s,6965.0
139,ChatBot_TrainIntent,e06a4695e6d54e6280ef33f0d05427e8,2022-08-09 04:04:07.702000,2022-08-09 04:04:10.062000,,s,2360.0
140,ChatBot_TrainIntent,e06a4695e6d54e6280ef33f0d05427e8,2022-08-09 04:04:07.693000,2022-08-09 04:04:10.647000,,s,2954.0
141,ChatBot_TrainIntent,e06a4695e6d54e6280ef33f0d05427e8,2022-08-09 04:04:07.685000,2022-08-09 04:04:10.535000,,s,2850.0
142,ChatBot_TrainIntent,e06a4695e6d54e6280ef33f0d05427e8,2022-08-09 04:04:07.677000,2022-08-09 04:04:11.411000,,s,3734.0
143,ChatBot_TrainIntent,e06a4695e6d54e6280ef33f0d05427e8,2022-08-09 04:04:07.667000,2022-08-09 04:04:11.479000,,s,3812.0
144,ChatBot_TrainIntent,e06a4695e6d54e6280ef33f0d05427e8,2022-08-09 04:04:07.657000,2022-08-09 04:04:11.443000,,s,3786.0
145,ChatBot_TrainIntent,e06a4695e6d54e6280ef33f0d05427e8,2022-08-09 04:04:07.647000,2022-08-09 04:04:11.539000,,s,3892.0
146,ChatBot_TrainIntent,e06a4695e6d54e6280ef33f0d05427e8,2022-08-09 04:04:07.637000,2022-08-09 04:04:11.042000,,s,3405.0
147,ChatBot_TrainIntent,e06a4695e6d54e6280ef33f0d05427e8,2022-08-09 04:04:07.629000,2022-08-09 04:04:10.809000,,s,3180.0
148,ChatBot_TrainIntent,e06a4695e6d54e6280ef33f0d05427e8,2022-08-09 04:04:07.610000,2022-08-09 04:04:12.830000,,s,5220.0
149,ChatBot_TrainIntent,e06a4695e6d54e6280ef33f0d05427e8,2022-08-09 04:04:07.603000,2022-08-09 04:04:11.577000,,s,3974.0
150,ChatBot_TrainIntent,e06a4695e6d54e6280ef33f0d05427e8,2022-08-09 04:04:07.592000,2022-08-09 04:04:10.948000,,s,3356.0
151,ChatBot_TrainIntent,e06a4695e6d54e6280ef33f0d05427e8,2022-08-09 04:04:07.585000,2022-08-09 04:04:10.807000,,s,3222.0
152,ChatBot_TrainIntent,e06a4695e6d54e6280ef33f0d05427e8,2022-08-09 04:04:07.576000,2022-08-09 04:04:10.633000,,s,3057.0
153,ChatBot_TrainIntent,e06a4695e6d54e6280ef33f0d05427e8,2022-08-09 04:04:07.566000,2022-08-09 04:04:11.368000,,s,3802.0
154,ChatBot_TrainIntent,78247a8b52f044d5b04e39fe4452a4e9,2022-08-09 04:04:07.150000,2022-08-09 04:04:13.721000,,s,6571.0
155,ChatBot_TrainIntent,23af9931d66646b8b366f66f2572ac8a,2022-08-09 04:04:06.021000,2022-08-09 04:04:09.274000,,s,3253.0
156,ChatBot_TrainIntent,78247a8b52f044d5b04e39fe4452a4e9,2022-08-09 04:04:05.599000,2022-08-09 04:04:09.075000,,s,3476.0
157,ChatBot_TrainIntent,78247a8b52f044d5b04e39fe4452a4e9,2022-08-09 04:04:05.590000,2022-08-09 04:04:09.346000,,s,3756.0
158,ChatBot_TrainIntent,78247a8b52f044d5b04e39fe4452a4e9,2022-08-09 04:04:05.581000,2022-08-09 04:04:13.666000,,s,8085.000000000001
159,ChatBot_TrainIntent,78247a8b52f044d5b04e39fe4452a4e9,2022-08-09 04:04:05.570000,2022-08-09 04:04:09.026000,,s,3456.0
160,ChatBot_TrainIntent,78247a8b52f044d5b04e39fe4452a4e9,2022-08-09 04:04:05.564000,2022-08-09 04:04:09.251000,,s,3687.0
161,ChatBot_TrainIntent,78247a8b52f044d5b04e39fe4452a4e9,2022-08-09 04:04:05.550000,2022-08-09 04:04:13.995000,,s,8445.0
162,ChatBot_TrainIntent,78247a8b52f044d5b04e39fe4452a4e9,2022-08-09 04:04:05.542000,2022-08-09 04:04:06.950000,,s,1408.0
163,ChatBot_TrainIntent,78247a8b52f044d5b04e39fe4452a4e9,2022-08-09 04:04:05.537000,2022-08-09 04:04:06.986000,,s,1449.0
164,ChatBot_TrainIntent,78247a8b52f044d5b04e39fe4452a4e9,2022-08-09 04:04:05.526000,2022-08-09 04:04:07.917000,,s,2391.0
165,ChatBot_TrainIntent,78247a8b52f044d5b04e39fe4452a4e9,2022-08-09 04:04:05.519000,2022-08-09 04:04:08.871000,,s,3352.0
166,ChatBot_TrainIntent,78247a8b52f044d5b04e39fe4452a4e9,2022-08-09 04:04:05.509000,2022-08-09 04:04:09.211000,,s,3702.0
167,ChatBot_TrainIntent,78247a8b52f044d5b04e39fe4452a4e9,2022-08-09 04:04:05.502000,2022-08-09 04:04:08.632000,,s,3130.0
168,ChatBot_TrainIntent,78247a8b52f044d5b04e39fe4452a4e9,2022-08-09 04:04:05.494000,2022-08-09 04:04:08.028000,,s,2534.0
169,ChatBot_TrainIntent,78247a8b52f044d5b04e39fe4452a4e9,2022-08-09 04:04:05.485000,2022-08-09 04:04:09.328000,,s,3843.0
170,ChatBot_TrainIntent,78247a8b52f044d5b04e39fe4452a4e9,2022-08-09 04:04:05.474000,2022-08-09 04:04:08.858000,,s,3384.0
171,ChatBot_TrainIntent,78247a8b52f044d5b04e39fe4452a4e9,2022-08-09 04:04:05.462000,2022-08-09 04:04:09.488000,,s,4026.0
172,ChatBot_TrainIntent,78247a8b52f044d5b04e39fe4452a4e9,2022-08-09 04:04:05.450000,2022-08-09 04:04:09.234000,,s,3784.0
173,ChatBot_TrainIntent,78247a8b52f044d5b04e39fe4452a4e9,2022-08-09 04:04:05.442000,2022-08-09 04:04:09.025000,,s,3583.0
174,ChatBot_TrainIntent,78247a8b52f044d5b04e39fe4452a4e9,2022-08-09 04:04:05.435000,2022-08-09 04:04:08.822000,,s,3387.0
175,ChatBot_TrainIntent,78247a8b52f044d5b04e39fe4452a4e9,2022-08-09 04:04:05.424000,2022-08-09 04:04:08.095000,,s,2671.0
176,ChatBot_TrainIntent,78247a8b52f044d5b04e39fe4452a4e9,2022-08-09 04:04:05.415000,2022-08-09 04:04:10.220000,,s,4805.0
177,ChatBot_TrainIntent,23af9931d66646b8b366f66f2572ac8a,2022-08-09 04:04:05.219000,2022-08-09 04:04:11.656000,,s,6437.0
178,ChatBot_TrainIntent,23af9931d66646b8b366f66f2572ac8a,2022-08-09 04:04:05.213000,2022-08-09 04:04:08.911000,,s,3698.0
179,ChatBot_TrainIntent,23af9931d66646b8b366f66f2572ac8a,2022-08-09 04:04:05.201000,2022-08-09 04:04:08.363000,,s,3162.0
180,ChatBot_TrainIntent,23af9931d66646b8b366f66f2572ac8a,2022-08-09 04:04:05.192000,2022-08-09 04:04:13.843000,,s,8651.0
181,ChatBot_TrainIntent,23af9931d66646b8b366f66f2572ac8a,2022-08-09 04:04:05.183000,2022-08-09 04:04:08.747000,,s,3564.0
182,ChatBot_TrainIntent,23af9931d66646b8b366f66f2572ac8a,2022-08-09 04:04:05.173000,2022-08-09 04:04:08.890000,,s,3717.0
183,ChatBot_TrainIntent,23af9931d66646b8b366f66f2572ac8a,2022-08-09 04:04:05.163000,2022-08-09 04:04:13.720000,,s,8557.0
184,ChatBot_TrainIntent,23af9931d66646b8b366f66f2572ac8a,2022-08-09 04:04:05.154000,2022-08-09 04:04:06.487000,,s,1333.0
185,ChatBot_TrainIntent,23af9931d66646b8b366f66f2572ac8a,2022-08-09 04:04:05.144000,2022-08-09 04:04:07.961000,,s,2817.0
186,ChatBot_TrainIntent,23af9931d66646b8b366f66f2572ac8a,2022-08-09 04:04:05.138000,2022-08-09 04:04:09.885000,,s,4747.0
187,ChatBot_TrainIntent,23af9931d66646b8b366f66f2572ac8a,2022-08-09 04:04:05.127000,2022-08-09 04:04:08.678000,,s,3551.0
188,ChatBot_TrainIntent,23af9931d66646b8b366f66f2572ac8a,2022-08-09 04:04:05.119000,2022-08-09 04:04:08.751000,,s,3632.0
189,ChatBot_TrainIntent,23af9931d66646b8b366f66f2572ac8a,2022-08-09 04:04:05.112000,2022-08-09 04:04:08.992000,,s,3880.0
190,ChatBot_TrainIntent,23af9931d66646b8b366f66f2572ac8a,2022-08-09 04:04:05.100000,2022-08-09 04:04:08.700000,,s,3600.0
191,ChatBot_TrainIntent,23af9931d66646b8b366f66f2572ac8a,2022-08-09 04:04:05.091000,2022-08-09 04:04:08.753000,,s,3662.0
192,ChatBot_TrainIntent,23af9931d66646b8b366f66f2572ac8a,2022-08-09 04:04:05.080000,2022-08-09 04:04:08.245000,,s,3165.0
193,ChatBot_TrainIntent,23af9931d66646b8b366f66f2572ac8a,2022-08-09 04:04:05.071000,2022-08-09 04:04:07.935000,,s,2864.0
194,ChatBot_TrainIntent,23af9931d66646b8b366f66f2572ac8a,2022-08-09 04:04:05.050000,2022-08-09 04:04:09.267000,,s,4217.0
195,ChatBot_TrainIntent,23af9931d66646b8b366f66f2572ac8a,2022-08-09 04:04:05.041000,2022-08-09 04:04:08.850000,,s,3809.0
196,ChatBot_TrainIntent,23af9931d66646b8b366f66f2572ac8a,2022-08-09 04:04:05.033000,2022-08-09 04:04:06.655000,,s,1622.0
197,ChatBot_TrainIntent,23af9931d66646b8b366f66f2572ac8a,2022-08-09 04:04:05.019000,2022-08-09 04:04:09.733000,,s,4714.0
198,ChatBot_TrainIntent,0810193c91044bfdb209128a37aef373,2022-08-09 04:04:04.881000,2022-08-09 04:04:12.717000,,s,7836.0
199,ChatBot_TrainIntent,0810193c91044bfdb209128a37aef373,2022-08-09 04:04:04.868000,2022-08-09 04:04:08.743000,,s,3875.0
200,ChatBot_TrainIntent,0810193c91044bfdb209128a37aef373,2022-08-09 04:04:04.858000,2022-08-09 04:04:08.141000,,s,3283.0
201,ChatBot_TrainIntent,0810193c91044bfdb209128a37aef373,2022-08-09 04:04:04.850000,2022-08-09 04:04:12.661000,,s,7811.0
202,ChatBot_TrainIntent,0810193c91044bfdb209128a37aef373,2022-08-09 04:04:04.841000,2022-08-09 04:04:08.526000,,s,3685.0
203,ChatBot_TrainIntent,0810193c91044bfdb209128a37aef373,2022-08-09 04:04:04.831000,2022-08-09 04:04:08.664000,,s,3833.0
204,ChatBot_TrainIntent,0810193c91044bfdb209128a37aef373,2022-08-09 04:04:04.822000,2022-08-09 04:04:12.716000,,s,7894.0
205,ChatBot_TrainIntent,0810193c91044bfdb209128a37aef373,2022-08-09 04:04:04.816000,2022-08-09 04:04:07.337000,,s,2521.0
206,ChatBot_TrainIntent,0810193c91044bfdb209128a37aef373,2022-08-09 04:04:04.804000,2022-08-09 04:04:07.769000,,s,2965.0
207,ChatBot_TrainIntent,0810193c91044bfdb209128a37aef373,2022-08-09 04:04:04.795000,2022-08-09 04:04:09.700000,,s,4905.0
208,ChatBot_TrainIntent,0810193c91044bfdb209128a37aef373,2022-08-09 04:04:04.784000,2022-08-09 04:04:08.286000,,s,3502.0
209,ChatBot_TrainIntent,0810193c91044bfdb209128a37aef373,2022-08-09 04:04:04.775000,2022-08-09 04:04:08.408000,,s,3633.0
210,ChatBot_TrainIntent,0810193c91044bfdb209128a37aef373,2022-08-09 04:04:04.765000,2022-08-09 04:04:06.794000,,s,2029.0
211,ChatBot_TrainIntent,0810193c91044bfdb209128a37aef373,2022-08-09 04:04:04.756000,2022-08-09 04:04:06.741000,,s,1985.0
212,ChatBot_TrainIntent,0810193c91044bfdb209128a37aef373,2022-08-09 04:04:04.750000,2022-08-09 04:04:08.934000,,s,4184.0
213,ChatBot_TrainIntent,0810193c91044bfdb209128a37aef373,2022-08-09 04:04:04.739000,2022-08-09 04:04:08.455000,,s,3716.0
214,ChatBot_TrainIntent,0810193c91044bfdb209128a37aef373,2022-08-09 04:04:04.729000,2022-08-09 04:04:08.237000,,s,3508.0
215,ChatBot_TrainIntent,0810193c91044bfdb209128a37aef373,2022-08-09 04:04:04.720000,2022-08-09 04:04:08.316000,,s,3596.0
216,ChatBot_TrainIntent,0810193c91044bfdb209128a37aef373,2022-08-09 04:04:04.713000,2022-08-09 04:04:08.277000,,s,3564.0
217,ChatBot_TrainIntent,0810193c91044bfdb209128a37aef373,2022-08-09 04:04:04.702000,2022-08-09 04:04:08.606000,,s,3904.0
218,ChatBot_TrainIntent,0810193c91044bfdb209128a37aef373,2022-08-09 04:04:04.693000,2022-08-09 04:04:07.564000,,s,2871.0
219,ChatBot_TrainIntent,0810193c91044bfdb209128a37aef373,2022-08-09 04:04:04.682000,2022-08-09 04:04:09.913000,,s,5231.0
220,ChatBot_TrainIntent,40ea1bf255594a1c8418dd771604b2ea,2022-08-09 04:04:04.413000,2022-08-09 04:04:09.693000,,s,5280.0
221,ChatBot_TrainIntent,40ea1bf255594a1c8418dd771604b2ea,2022-08-09 04:04:04.403000,2022-08-09 04:04:08.052000,,s,3649.0
222,ChatBot_TrainIntent,40ea1bf255594a1c8418dd771604b2ea,2022-08-09 04:04:04.395000,2022-08-09 04:04:06.595000,,s,2200.0
223,ChatBot_TrainIntent,40ea1bf255594a1c8418dd771604b2ea,2022-08-09 04:04:04.387000,2022-08-09 04:04:11.656000,,s,7269.0
224,ChatBot_TrainIntent,40ea1bf255594a1c8418dd771604b2ea,2022-08-09 04:04:04.377000,2022-08-09 04:04:07.968000,,s,3591.0
225,ChatBot_TrainIntent,40ea1bf255594a1c8418dd771604b2ea,2022-08-09 04:04:04.368000,2022-08-09 04:04:07.599000,,s,3231.0
226,ChatBot_TrainIntent,40ea1bf255594a1c8418dd771604b2ea,2022-08-09 04:04:04.360000,2022-08-09 04:04:11.657000,,s,7297.0
227,ChatBot_TrainIntent,40ea1bf255594a1c8418dd771604b2ea,2022-08-09 04:04:04.351000,2022-08-09 04:04:07.142000,,s,2791.0
228,ChatBot_TrainIntent,40ea1bf255594a1c8418dd771604b2ea,2022-08-09 04:04:04.340000,2022-08-09 04:04:07.554000,,s,3214.0
229,ChatBot_TrainIntent,40ea1bf255594a1c8418dd771604b2ea,2022-08-09 04:04:04.332000,2022-08-09 04:04:08.688000,,s,4356.0
230,ChatBot_TrainIntent,40ea1bf255594a1c8418dd771604b2ea,2022-08-09 04:04:04.323000,2022-08-09 04:04:07.434000,,s,3111.0
231,ChatBot_TrainIntent,40ea1bf255594a1c8418dd771604b2ea,2022-08-09 04:04:04.315000,2022-08-09 04:04:08.228000,,s,3913.0
232,ChatBot_TrainIntent,40ea1bf255594a1c8418dd771604b2ea,2022-08-09 04:04:04.302000,2022-08-09 04:04:07.355000,,s,3053.0
233,ChatBot_TrainIntent,40ea1bf255594a1c8418dd771604b2ea,2022-08-09 04:04:04.294000,2022-08-09 04:04:07.800000,,s,3506.0
234,ChatBot_TrainIntent,40ea1bf255594a1c8418dd771604b2ea,2022-08-09 04:04:04.285000,2022-08-09 04:04:08.024000,,s,3739.0
235,ChatBot_TrainIntent,40ea1bf255594a1c8418dd771604b2ea,2022-08-09 04:04:04.274000,2022-08-09 04:04:07.645000,,s,3371.0
236,ChatBot_TrainIntent,40ea1bf255594a1c8418dd771604b2ea,2022-08-09 04:04:04.267000,2022-08-09 04:04:07.985000,,s,3718.0
237,ChatBot_TrainIntent,40ea1bf255594a1c8418dd771604b2ea,2022-08-09 04:04:04.257000,2022-08-09 04:04:06.632000,,s,2375.0
238,ChatBot_TrainIntent,40ea1bf255594a1c8418dd771604b2ea,2022-08-09 04:04:04.248000,2022-08-09 04:04:08.641000,,s,4393.0
239,ChatBot_TrainIntent,40ea1bf255594a1c8418dd771604b2ea,2022-08-09 04:04:04.239000,2022-08-09 04:04:07.915000,,s,3676.0
240,ChatBot_TrainIntent,40ea1bf255594a1c8418dd771604b2ea,2022-08-09 04:04:04.229000,2022-08-09 04:04:07.914000,,s,3685.0
241,ChatBot_TrainIntent,40ea1bf255594a1c8418dd771604b2ea,2022-08-09 04:04:04.220000,2022-08-09 04:04:09.180000,,s,4960.0
242,ChatBot_TrainIntent,f154a9a3e50f4f3aa9674f53bdc12cc7,2022-08-09 04:04:04.036000,2022-08-09 04:04:10.648000,,s,6612.0
243,ChatBot_TrainIntent,f154a9a3e50f4f3aa9674f53bdc12cc7,2022-08-09 04:04:04.029000,2022-08-09 04:04:07.807000,,s,3778.0
244,ChatBot_TrainIntent,f154a9a3e50f4f3aa9674f53bdc12cc7,2022-08-09 04:04:04.024000,2022-08-09 04:04:07.149000,,s,3125.0
245,ChatBot_TrainIntent,f154a9a3e50f4f3aa9674f53bdc12cc7,2022-08-09 04:04:04.017000,2022-08-09 04:04:09.087000,,s,5070.0
246,ChatBot_TrainIntent,f154a9a3e50f4f3aa9674f53bdc12cc7,2022-08-09 04:04:04.009000,2022-08-09 04:04:07.780000,,s,3771.0
247,ChatBot_TrainIntent,f154a9a3e50f4f3aa9674f53bdc12cc7,2022-08-09 04:04:04.003000,2022-08-09 04:04:05.674000,,s,1671.0
248,ChatBot_TrainIntent,f154a9a3e50f4f3aa9674f53bdc12cc7,2022-08-09 04:04:03.996000,2022-08-09 04:04:10.746000,,s,6750.0
249,ChatBot_TrainIntent,f154a9a3e50f4f3aa9674f53bdc12cc7,2022-08-09 04:04:03.989000,2022-08-09 04:04:05.431000,,s,1442.0
250,ChatBot_TrainIntent,f154a9a3e50f4f3aa9674f53bdc12cc7,2022-08-09 04:04:03.981000,2022-08-09 04:04:06.720000,,s,2739.0
251,ChatBot_TrainIntent,f154a9a3e50f4f3aa9674f53bdc12cc7,2022-08-09 04:04:03.975000,2022-08-09 04:04:07.724000,,s,3749.0
252,ChatBot_TrainIntent,f154a9a3e50f4f3aa9674f53bdc12cc7,2022-08-09 04:04:03.968000,2022-08-09 04:04:07.600000,,s,3632.0
253,ChatBot_TrainIntent,f154a9a3e50f4f3aa9674f53bdc12cc7,2022-08-09 04:04:03.962000,2022-08-09 04:04:07.526000,,s,3564.0
254,ChatBot_TrainIntent,f154a9a3e50f4f3aa9674f53bdc12cc7,2022-08-09 04:04:03.955000,2022-08-09 04:04:07.521000,,s,3566.0
255,ChatBot_TrainIntent,f154a9a3e50f4f3aa9674f53bdc12cc7,2022-08-09 04:04:03.946000,2022-08-09 04:04:07.256000,,s,3310.0
256,ChatBot_TrainIntent,f154a9a3e50f4f3aa9674f53bdc12cc7,2022-08-09 04:04:03.941000,2022-08-09 04:04:07.632000,,s,3691.0
257,ChatBot_TrainIntent,f154a9a3e50f4f3aa9674f53bdc12cc7,2022-08-09 04:04:03.932000,2022-08-09 04:04:08.079000,,s,4147.0
258,ChatBot_TrainIntent,f154a9a3e50f4f3aa9674f53bdc12cc7,2022-08-09 04:04:03.922000,2022-08-09 04:04:06.103000,,s,2181.0
259,ChatBot_TrainIntent,81ef5567ee8b4787bdc3f90115223cd1,2022-08-09 04:04:03.919000,2022-08-09 04:04:08.688000,,s,4769.0
260,ChatBot_TrainIntent,f154a9a3e50f4f3aa9674f53bdc12cc7,2022-08-09 04:04:03.916000,2022-08-09 04:04:08.034000,,s,4118.0
261,ChatBot_TrainIntent,f154a9a3e50f4f3aa9674f53bdc12cc7,2022-08-09 04:04:03.909000,2022-08-09 04:04:08.474000,,s,4565.0
262,ChatBot_TrainIntent,81ef5567ee8b4787bdc3f90115223cd1,2022-08-09 04:04:03.909000,2022-08-09 04:04:07.647000,,s,3738.0
263,ChatBot_TrainIntent,f154a9a3e50f4f3aa9674f53bdc12cc7,2022-08-09 04:04:03.900000,2022-08-09 04:04:08.180000,,s,4280.0
264,ChatBot_TrainIntent,81ef5567ee8b4787bdc3f90115223cd1,2022-08-09 04:04:03.900000,2022-08-09 04:04:07.317000,,s,3417.0
265,ChatBot_TrainIntent,f154a9a3e50f4f3aa9674f53bdc12cc7,2022-08-09 04:04:03.894000,2022-08-09 04:04:07.382000,,s,3488.0
266,ChatBot_TrainIntent,81ef5567ee8b4787bdc3f90115223cd1,2022-08-09 04:04:03.891000,2022-08-09 04:04:10.651000,,s,6760.0
267,ChatBot_TrainIntent,f154a9a3e50f4f3aa9674f53bdc12cc7,2022-08-09 04:04:03.883000,2022-08-09 04:04:09.402000,,s,5519.0
268,ChatBot_TrainIntent,81ef5567ee8b4787bdc3f90115223cd1,2022-08-09 04:04:03.881000,2022-08-09 04:04:07.114000,,s,3233.0
269,ChatBot_TrainIntent,81ef5567ee8b4787bdc3f90115223cd1,2022-08-09 04:04:03.872000,2022-08-09 04:04:07.280000,,s,3408.0
270,ChatBot_TrainIntent,81ef5567ee8b4787bdc3f90115223cd1,2022-08-09 04:04:03.864000,2022-08-09 04:04:09.696000,,s,5832.0
271,ChatBot_TrainIntent,81ef5567ee8b4787bdc3f90115223cd1,2022-08-09 04:04:03.854000,2022-08-09 04:04:06.650000,,s,2796.0
272,ChatBot_TrainIntent,81ef5567ee8b4787bdc3f90115223cd1,2022-08-09 04:04:03.846000,2022-08-09 04:04:05.440000,,s,1594.0
273,ChatBot_TrainIntent,81ef5567ee8b4787bdc3f90115223cd1,2022-08-09 04:04:03.836000,2022-08-09 04:04:07.042000,,s,3206.0
274,ChatBot_TrainIntent,81ef5567ee8b4787bdc3f90115223cd1,2022-08-09 04:04:03.827000,2022-08-09 04:04:07.096000,,s,3269.0
275,ChatBot_TrainIntent,81ef5567ee8b4787bdc3f90115223cd1,2022-08-09 04:04:03.818000,2022-08-09 04:04:06.956000,,s,3138.0
276,ChatBot_TrainIntent,81ef5567ee8b4787bdc3f90115223cd1,2022-08-09 04:04:03.809000,2022-08-09 04:04:07.689000,,s,3880.0
277,ChatBot_TrainIntent,81ef5567ee8b4787bdc3f90115223cd1,2022-08-09 04:04:03.800000,2022-08-09 04:04:07.637000,,s,3837.0
278,ChatBot_TrainIntent,81ef5567ee8b4787bdc3f90115223cd1,2022-08-09 04:04:03.790000,2022-08-09 04:04:07.796000,,s,4006.0
279,ChatBot_TrainIntent,81ef5567ee8b4787bdc3f90115223cd1,2022-08-09 04:04:03.779000,2022-08-09 04:04:06.981000,,s,3202.0
280,ChatBot_TrainIntent,81ef5567ee8b4787bdc3f90115223cd1,2022-08-09 04:04:03.762000,2022-08-09 04:04:07.542000,,s,3780.0
281,ChatBot_TrainIntent,81ef5567ee8b4787bdc3f90115223cd1,2022-08-09 04:04:03.755000,2022-08-09 04:04:07.250000,,s,3495.0
282,ChatBot_TrainIntent,81ef5567ee8b4787bdc3f90115223cd1,2022-08-09 04:04:03.744000,2022-08-09 04:04:07.795000,,s,4051.0
283,ChatBot_TrainIntent,81ef5567ee8b4787bdc3f90115223cd1,2022-08-09 04:04:03.735000,2022-08-09 04:04:07.039000,,s,3304.0
284,ChatBot_TrainIntent,81ef5567ee8b4787bdc3f90115223cd1,2022-08-09 04:04:03.725000,2022-08-09 04:04:06.823000,,s,3098.0
285,ChatBot_TrainIntent,81ef5567ee8b4787bdc3f90115223cd1,2022-08-09 04:04:03.713000,2022-08-09 04:04:08.181000,,s,4468.0
286,ChatBot_TrainIntent,ac75e7b7be52434bba7988ad7931f38c,2022-08-09 04:04:03.452000,2022-08-09 04:04:07.891000,,s,4439.0
287,ChatBot_TrainIntent,ac75e7b7be52434bba7988ad7931f38c,2022-08-09 04:04:03.443000,2022-08-09 04:04:06.557000,,s,3114.0
288,ChatBot_TrainIntent,ac75e7b7be52434bba7988ad7931f38c,2022-08-09 04:04:03.429000,2022-08-09 04:04:06.922000,,s,3493.0
289,ChatBot_TrainIntent,ac75e7b7be52434bba7988ad7931f38c,2022-08-09 04:04:03.420000,2022-08-09 04:04:09.696000,,s,6276.0
290,ChatBot_TrainIntent,ac75e7b7be52434bba7988ad7931f38c,2022-08-09 04:04:03.409000,2022-08-09 04:04:06.907000,,s,3498.0
291,ChatBot_TrainIntent,ac75e7b7be52434bba7988ad7931f38c,2022-08-09 04:04:03.397000,2022-08-09 04:04:07.056000,,s,3659.0
292,ChatBot_TrainIntent,ac75e7b7be52434bba7988ad7931f38c,2022-08-09 04:04:03.388000,2022-08-09 04:04:08.689000,,s,5301.0
293,ChatBot_TrainIntent,ac75e7b7be52434bba7988ad7931f38c,2022-08-09 04:04:03.377000,2022-08-09 04:04:06.214000,,s,2837.0
294,ChatBot_TrainIntent,ac75e7b7be52434bba7988ad7931f38c,2022-08-09 04:04:03.367000,2022-08-09 04:04:06.500000,,s,3133.0
295,ChatBot_TrainIntent,ac75e7b7be52434bba7988ad7931f38c,2022-08-09 04:04:03.355000,2022-08-09 04:04:06.718000,,s,3363.0
296,ChatBot_TrainIntent,ac75e7b7be52434bba7988ad7931f38c,2022-08-09 04:04:03.341000,2022-08-09 04:04:06.721000,,s,3380.0
297,ChatBot_TrainIntent,ac75e7b7be52434bba7988ad7931f38c,2022-08-09 04:04:03.328000,2022-08-09 04:04:06.273000,,s,2945.0
298,ChatBot_TrainIntent,ac75e7b7be52434bba7988ad7931f38c,2022-08-09 04:04:03.317000,2022-08-09 04:04:07.119000,,s,3802.0
299,ChatBot_TrainIntent,ac75e7b7be52434bba7988ad7931f38c,2022-08-09 04:04:03.308000,2022-08-09 04:04:06.575000,,s,3267.0
300,ChatBot_TrainIntent,ac75e7b7be52434bba7988ad7931f38c,2022-08-09 04:04:03.298000,2022-08-09 04:04:06.341000,,s,3043.0
301,ChatBot_TrainIntent,ac75e7b7be52434bba7988ad7931f38c,2022-08-09 04:04:03.285000,2022-08-09 04:04:07.427000,,s,4142.0
302,ChatBot_TrainIntent,ac75e7b7be52434bba7988ad7931f38c,2022-08-09 04:04:03.273000,2022-08-09 04:04:07.294000,,s,4021.0
303,ChatBot_TrainIntent,ac75e7b7be52434bba7988ad7931f38c,2022-08-09 04:04:03.260000,2022-08-09 04:04:06.913000,,s,3653.0
