,Alpha,Cost,ColdStarts,Cores,Mem
0,0.0,5.012529029846192e-07,5,1000,500000
1,0.0,5.012529029846192e-07,4,1000,500000
2,0.0,5.012529029846192e-07,4,1000,500000
3,0.0,5.012529029846192e-07,3,1000,500000
4,0.0,5.012529029846192e-07,4,1000,500000
5,0.0,5.012529029846192e-07,3,1000,500000
6,0.0,5.012529029846192e-07,3,1000,500000
7,0.0,5.012529029846192e-07,2,1000,500000
8,0.0,5.012529029846192e-07,4,1000,500000
9,0.0,5.012529029846192e-07,3,1000,500000
10,0.0,5.012529029846192e-07,3,1000,500000
11,0.0,5.012529029846192e-07,2,1000,500000
12,0.0,5.012529029846192e-07,3,1000,500000
13,0.0,5.012529029846192e-07,2,1000,500000
14,0.0,5.012529029846192e-07,2,1000,500000
15,0.0,5.012529029846192e-07,1,1000,500000
16,0.0,5.012529029846192e-07,4,1000,500000
17,0.0,5.012529029846192e-07,3,1000,500000
18,0.0,5.012529029846192e-07,3,1000,500000
19,0.0,5.012529029846192e-07,2,1000,500000
20,0.0,5.012529029846192e-07,3,1000,500000
21,0.0,5.012529029846192e-07,2,1000,500000
22,0.0,5.012529029846192e-07,2,1000,500000
23,0.0,5.012529029846192e-07,1,1000,500000
24,0.0,5.012529029846192e-07,3,1000,500000
25,0.0,5.012529029846192e-07,2,1000,500000
26,0.0,5.012529029846192e-07,2,1000,500000
27,0.0,5.012529029846192e-07,1,1000,500000
28,0.0,5.012529029846192e-07,2,1000,500000
29,0.0,5.012529029846192e-07,1,1000,500000
30,0.0,5.012529029846192e-07,1,1000,500000
31,0.0,5.012529029846192e-07,0,1000,500000
32,0.0,5.012529029846192e-07,6,1000,500000
33,0.0,5.012529029846192e-07,5,1000,500000
34,0.0,5.012529029846192e-07,5,1000,500000
35,0.0,5.012529029846192e-07,4,1000,500000
36,0.0,5.012529029846192e-07,5,1000,500000
37,0.0,5.012529029846192e-07,4,1000,500000
38,0.0,5.012529029846192e-07,4,1000,500000
39,0.0,5.012529029846192e-07,3,1000,500000
40,0.0,5.012529029846192e-07,5,1000,500000
41,0.0,5.012529029846192e-07,4,1000,500000
42,0.0,5.012529029846192e-07,4,1000,500000
43,0.0,5.012529029846192e-07,3,1000,500000
44,0.0,5.012529029846192e-07,4,1000,500000
45,0.0,5.012529029846192e-07,3,1000,500000
46,0.0,5.012529029846192e-07,3,1000,500000
47,0.0,5.012529029846192e-07,2,1000,500000
48,0.0,5.012529029846192e-07,5,1000,500000
49,0.0,5.012529029846192e-07,4,1000,500000
50,0.0,5.012529029846192e-07,4,1000,500000
51,0.0,5.012529029846192e-07,3,1000,500000
52,0.0,5.012529029846192e-07,4,1000,500000
53,0.0,5.012529029846192e-07,3,1000,500000
54,0.0,5.012529029846192e-07,3,1000,500000
55,0.0,5.012529029846192e-07,2,1000,500000
56,0.0,5.012529029846192e-07,4,1000,500000
57,0.0,5.012529029846192e-07,3,1000,500000
58,0.0,5.012529029846192e-07,3,1000,500000
59,0.0,5.012529029846192e-07,2,1000,500000
60,0.0,5.012529029846192e-07,3,1000,500000
61,0.0,5.012529029846192e-07,2,1000,500000
62,0.0,5.012529029846192e-07,2,1000,500000
63,0.0,5.012529029846192e-07,1,1000,500000
64,0.2,5.012529029846192e-07,5,1000,500000
65,0.2,5.012529029846192e-07,4,1000,500000
66,0.2,5.012529029846192e-07,4,1000,500000
67,0.2,5.012529029846192e-07,3,1000,500000
68,0.2,5.012529029846192e-07,4,1000,500000
69,0.2,5.012529029846192e-07,3,1000,500000
70,0.2,5.012529029846192e-07,3,1000,500000
71,0.2,5.012529029846192e-07,2,1000,500000
72,0.2,5.012529029846192e-07,4,1000,500000
73,0.2,5.012529029846192e-07,3,1000,500000
74,0.2,5.012529029846192e-07,3,1000,500000
75,0.2,5.012529029846192e-07,2,1000,500000
76,0.2,5.012529029846192e-07,3,1000,500000
77,0.2,5.012529029846192e-07,2,1000,500000
78,0.2,5.012529029846192e-07,2,1000,500000
79,0.2,5.012529029846192e-07,1,1000,500000
80,0.2,5.012529029846192e-07,4,1000,500000
81,0.2,5.012529029846192e-07,3,1000,500000
82,0.2,5.012529029846192e-07,3,1000,500000
83,0.2,5.012529029846192e-07,2,1000,500000
84,0.2,5.012529029846192e-07,3,1000,500000
85,0.2,5.012529029846192e-07,2,1000,500000
86,0.2,5.012529029846192e-07,2,1000,500000
87,0.2,5.012529029846192e-07,1,1000,500000
88,0.2,5.012529029846192e-07,3,1000,500000
89,0.2,5.012529029846192e-07,2,1000,500000
90,0.2,5.012529029846192e-07,2,1000,500000
91,0.2,5.012529029846192e-07,1,1000,500000
92,0.2,5.012529029846192e-07,2,1000,500000
93,0.2,5.012529029846192e-07,1,1000,500000
94,0.2,5.012529029846192e-07,1,1000,500000
95,0.2,5.012529029846192e-07,0,1000,500000
96,0.2,5.012529029846192e-07,6,1000,500000
97,0.2,5.012529029846192e-07,5,1000,500000
98,0.2,5.012529029846192e-07,5,1000,500000
99,0.2,5.012529029846192e-07,4,1000,500000
100,0.2,5.012529029846192e-07,5,1000,500000
101,0.2,5.012529029846192e-07,4,1000,500000
102,0.2,5.012529029846192e-07,4,1000,500000
103,0.2,5.012529029846192e-07,3,1000,500000
104,0.2,5.012529029846192e-07,5,1000,500000
105,0.2,5.012529029846192e-07,4,1000,500000
106,0.2,5.012529029846192e-07,4,1000,500000
107,0.2,5.012529029846192e-07,3,1000,500000
108,0.2,5.012529029846192e-07,4,1000,500000
109,0.2,5.012529029846192e-07,3,1000,500000
110,0.2,5.012529029846192e-07,3,1000,500000
111,0.2,5.012529029846192e-07,2,1000,500000
112,0.2,5.012529029846192e-07,5,1000,500000
113,0.2,5.012529029846192e-07,4,1000,500000
114,0.2,5.012529029846192e-07,4,1000,500000
115,0.2,5.012529029846192e-07,3,1000,500000
116,0.2,5.012529029846192e-07,4,1000,500000
117,0.2,5.012529029846192e-07,3,1000,500000
118,0.2,5.012529029846192e-07,3,1000,500000
119,0.2,5.012529029846192e-07,2,1000,500000
120,0.2,5.012529029846192e-07,4,1000,500000
121,0.2,5.012529029846192e-07,3,1000,500000
122,0.2,5.012529029846192e-07,3,1000,500000
123,0.2,5.012529029846192e-07,2,1000,500000
124,0.2,5.012529029846192e-07,3,1000,500000
125,0.2,5.012529029846192e-07,2,1000,500000
126,0.2,5.012529029846192e-07,2,1000,500000
127,0.2,5.012529029846192e-07,1,1000,500000
128,0.4,1.0250264514923098e-05,1,1000,500000
129,0.4,7.850264514923097e-06,1,1000,500000
130,0.4,7.850264514923097e-06,1,1000,500000
131,0.4,5.413011611938477e-06,1,1000,500000
132,0.4,7.850264514923097e-06,1,1000,500000
133,0.4,7.850264514923097e-06,0,1000,500000
134,0.4,7.813011611938478e-06,0,1000,500000
135,0.4,5.375758708953858e-06,0,1000,500000
136,0.4,7.813011611938478e-06,1,1000,500000
137,0.4,5.413011611938477e-06,1,1000,500000
138,0.4,7.850264514923097e-06,0,1000,500000
139,0.4,5.413011611938477e-06,0,1000,500000
140,0.4,7.813011611938478e-06,0,1000,500000
141,0.4,5.413011611938477e-06,0,1000,500000
142,0.4,5.375758708953858e-06,0,1000,500000
143,0.4,2.9385058059692387e-06,0,1000,500000
144,0.4,7.850264514923097e-06,1,1000,500000
145,0.4,7.850264514923097e-06,0,1000,500000
146,0.4,7.850264514923097e-06,0,1000,500000
147,0.4,5.413011611938477e-06,0,1000,500000
148,0.4,7.850264514923097e-06,0,1000,500000
149,0.4,5.4502645149230965e-06,0,1000,500000
150,0.4,5.413011611938477e-06,0,1000,500000
151,0.4,2.975758708953858e-06,0,1000,500000
152,0.4,7.813011611938478e-06,0,1000,500000
153,0.4,5.413011611938477e-06,0,1000,500000
154,0.4,5.413011611938477e-06,0,1000,500000
155,0.4,2.975758708953858e-06,0,1000,500000
156,0.4,5.375758708953858e-06,0,1000,500000
157,0.4,2.975758708953858e-06,0,1000,500000
158,0.4,2.9385058059692387e-06,0,1000,500000
159,0.4,5.012529029846192e-07,0,1000,500000
160,0.4,1.0250264514923098e-05,2,1000,500000
161,0.4,7.850264514923097e-06,2,1000,500000
162,0.4,7.850264514923097e-06,2,1000,500000
163,0.4,5.413011611938477e-06,2,1000,500000
164,0.4,7.850264514923097e-06,2,1000,500000
165,0.4,7.850264514923097e-06,1,1000,500000
166,0.4,7.813011611938478e-06,1,1000,500000
167,0.4,5.375758708953858e-06,1,1000,500000
168,0.4,7.813011611938478e-06,2,1000,500000
169,0.4,5.413011611938477e-06,2,1000,500000
170,0.4,7.850264514923097e-06,1,1000,500000
171,0.4,5.413011611938477e-06,1,1000,500000
172,0.4,5.375758708953858e-06,2,1000,500000
173,0.4,5.413011611938477e-06,1,1000,500000
174,0.4,5.375758708953858e-06,1,1000,500000
175,0.4,2.9385058059692387e-06,1,1000,500000
176,0.4,7.850264514923097e-06,2,1000,500000
177,0.4,7.850264514923097e-06,1,1000,500000
178,0.4,7.850264514923097e-06,1,1000,500000
179,0.4,5.413011611938477e-06,1,1000,500000
180,0.4,7.850264514923097e-06,1,1000,500000
181,0.4,5.4502645149230965e-06,1,1000,500000
182,0.4,5.413011611938477e-06,1,1000,500000
183,0.4,2.975758708953858e-06,1,1000,500000
184,0.4,7.813011611938478e-06,1,1000,500000
185,0.4,5.413011611938477e-06,1,1000,500000
186,0.4,5.413011611938477e-06,1,1000,500000
187,0.4,2.975758708953858e-06,1,1000,500000
188,0.4,5.375758708953858e-06,1,1000,500000
189,0.4,2.975758708953858e-06,1,1000,500000
190,0.4,2.9385058059692387e-06,1,1000,500000
191,0.4,5.012529029846192e-07,1,1000,500000
192,0.6,1.2650264514923099e-05,0,1000,500000
193,0.6,7.850264514923097e-06,1,1000,500000
194,0.6,7.850264514923097e-06,1,1000,500000
195,0.6,7.813011611938478e-06,0,1000,500000
196,0.6,7.850264514923097e-06,1,1000,500000
197,0.6,7.850264514923097e-06,0,1000,500000
198,0.6,7.813011611938478e-06,0,1000,500000
199,0.6,5.375758708953858e-06,0,1000,500000
200,0.6,1.0250264514923098e-05,0,1000,500000
201,0.6,5.413011611938477e-06,1,1000,500000
202,0.6,7.850264514923097e-06,0,1000,500000
203,0.6,5.413011611938477e-06,0,1000,500000
204,0.6,5.375758708953858e-06,1,1000,500000
205,0.6,5.413011611938477e-06,0,1000,500000
206,0.6,5.375758708953858e-06,0,1000,500000
207,0.6,2.9385058059692387e-06,0,1000,500000
208,0.6,7.850264514923097e-06,1,1000,500000
209,0.6,7.850264514923097e-06,0,1000,500000
210,0.6,7.850264514923097e-06,0,1000,500000
211,0.6,5.413011611938477e-06,0,1000,500000
212,0.6,7.850264514923097e-06,0,1000,500000
213,0.6,5.4502645149230965e-06,0,1000,500000
214,0.6,5.413011611938477e-06,0,1000,500000
215,0.6,2.975758708953858e-06,0,1000,500000
216,0.6,7.813011611938478e-06,0,1000,500000
217,0.6,5.413011611938477e-06,0,1000,500000
218,0.6,5.413011611938477e-06,0,1000,500000
219,0.6,2.975758708953858e-06,0,1000,500000
220,0.6,5.375758708953858e-06,0,1000,500000
221,0.6,2.975758708953858e-06,0,1000,500000
222,0.6,2.9385058059692387e-06,0,1000,500000
223,0.6,5.012529029846192e-07,0,1000,500000
224,0.6,1.2650264514923099e-05,1,1000,500000
225,0.6,1.0250264514923098e-05,1,1000,500000
226,0.6,7.850264514923097e-06,2,1000,500000
227,0.6,7.813011611938478e-06,1,1000,500000
228,0.6,7.850264514923097e-06,2,1000,500000
229,0.6,7.850264514923097e-06,1,1000,500000
230,0.6,7.813011611938478e-06,1,1000,500000
231,0.6,5.375758708953858e-06,1,1000,500000
232,0.6,1.0250264514923098e-05,1,1000,500000
233,0.6,5.413011611938477e-06,2,1000,500000
234,0.6,7.850264514923097e-06,1,1000,500000
235,0.6,5.413011611938477e-06,1,1000,500000
236,0.6,5.375758708953858e-06,2,1000,500000
237,0.6,5.413011611938477e-06,1,1000,500000
238,0.6,5.375758708953858e-06,1,1000,500000
239,0.6,2.9385058059692387e-06,1,1000,500000
240,0.6,7.850264514923097e-06,2,1000,500000
241,0.6,7.850264514923097e-06,1,1000,500000
242,0.6,7.850264514923097e-06,1,1000,500000
243,0.6,5.413011611938477e-06,1,1000,500000
244,0.6,7.850264514923097e-06,1,1000,500000
245,0.6,5.4502645149230965e-06,1,1000,500000
246,0.6,5.413011611938477e-06,1,1000,500000
247,0.6,2.975758708953858e-06,1,1000,500000
248,0.6,7.813011611938478e-06,1,1000,500000
249,0.6,5.413011611938477e-06,1,1000,500000
250,0.6,5.413011611938477e-06,1,1000,500000
251,0.6,2.975758708953858e-06,1,1000,500000
252,0.6,5.375758708953858e-06,1,1000,500000
253,0.6,2.975758708953858e-06,1,1000,500000
254,0.6,2.9385058059692387e-06,1,1000,500000
255,0.6,5.012529029846192e-07,1,1000,500000
256,0.8,1.2650264514923099e-05,0,1000,500000
257,0.8,7.850264514923097e-06,1,1000,500000
258,0.8,7.850264514923097e-06,1,1000,500000
259,0.8,5.413011611938477e-06,1,1000,500000
260,0.8,7.850264514923097e-06,1,1000,500000
261,0.8,7.850264514923097e-06,0,1000,500000
262,0.8,7.813011611938478e-06,0,1000,500000
263,0.8,5.375758708953858e-06,0,1000,500000
264,0.8,7.850264514923097e-06,1,1000,500000
265,0.8,5.413011611938477e-06,1,1000,500000
266,0.8,7.850264514923097e-06,0,1000,500000
267,0.8,5.413011611938477e-06,0,1000,500000
268,0.8,7.813011611938478e-06,0,1000,500000
269,0.8,5.413011611938477e-06,0,1000,500000
270,0.8,5.375758708953858e-06,0,1000,500000
271,0.8,2.9385058059692387e-06,0,1000,500000
272,0.8,1.0250264514923098e-05,0,1000,500000
273,0.8,7.850264514923097e-06,0,1000,500000
274,0.8,7.850264514923097e-06,0,1000,500000
275,0.8,5.413011611938477e-06,0,1000,500000
276,0.8,7.850264514923097e-06,0,1000,500000
277,0.8,5.4502645149230965e-06,0,1000,500000
278,0.8,5.413011611938477e-06,0,1000,500000
279,0.8,2.975758708953858e-06,0,1000,500000
280,0.8,7.813011611938478e-06,0,1000,500000
281,0.8,5.413011611938477e-06,0,1000,500000
282,0.8,5.413011611938477e-06,0,1000,500000
283,0.8,2.975758708953858e-06,0,1000,500000
284,0.8,5.375758708953858e-06,0,1000,500000
285,0.8,2.975758708953858e-06,0,1000,500000
286,0.8,2.9385058059692387e-06,0,1000,500000
287,0.8,5.012529029846192e-07,0,1000,500000
288,0.8,1.2650264514923099e-05,1,1000,500000
289,0.8,7.850264514923097e-06,2,1000,500000
290,0.8,7.850264514923097e-06,2,1000,500000
291,0.8,7.813011611938478e-06,1,1000,500000
292,0.8,7.850264514923097e-06,2,1000,500000
293,0.8,7.850264514923097e-06,1,1000,500000
294,0.8,7.813011611938478e-06,1,1000,500000
295,0.8,5.375758708953858e-06,1,1000,500000
296,0.8,7.850264514923097e-06,2,1000,500000
297,0.8,5.413011611938477e-06,2,1000,500000
298,0.8,7.850264514923097e-06,1,1000,500000
299,0.8,5.413011611938477e-06,1,1000,500000
300,0.8,5.375758708953858e-06,2,1000,500000
301,0.8,5.413011611938477e-06,1,1000,500000
302,0.8,5.375758708953858e-06,1,1000,500000
303,0.8,2.9385058059692387e-06,1,1000,500000
304,0.8,1.0250264514923098e-05,1,1000,500000
305,0.8,7.850264514923097e-06,1,1000,500000
306,0.8,7.850264514923097e-06,1,1000,500000
307,0.8,5.413011611938477e-06,1,1000,500000
308,0.8,7.850264514923097e-06,1,1000,500000
309,0.8,5.4502645149230965e-06,1,1000,500000
310,0.8,5.413011611938477e-06,1,1000,500000
311,0.8,2.975758708953858e-06,1,1000,500000
312,0.8,7.813011611938478e-06,1,1000,500000
313,0.8,5.413011611938477e-06,1,1000,500000
314,0.8,5.413011611938477e-06,1,1000,500000
315,0.8,2.975758708953858e-06,1,1000,500000
316,0.8,5.375758708953858e-06,1,1000,500000
317,0.8,2.975758708953858e-06,1,1000,500000
318,0.8,2.9385058059692387e-06,1,1000,500000
319,0.8,5.012529029846192e-07,1,1000,500000
320,1.0,1.2650264514923099e-05,0,1000,500000
321,1.0,7.850264514923097e-06,1,1000,500000
322,1.0,1.0250264514923098e-05,0,1000,500000
323,1.0,5.413011611938477e-06,1,1000,500000
324,1.0,1.0250264514923098e-05,0,1000,500000
325,1.0,7.850264514923097e-06,0,1000,500000
326,1.0,7.813011611938478e-06,0,1000,500000
327,1.0,5.375758708953858e-06,0,1000,500000
328,1.0,1.0250264514923098e-05,0,1000,500000
329,1.0,5.413011611938477e-06,1,1000,500000
330,1.0,7.850264514923097e-06,0,1000,500000
331,1.0,5.413011611938477e-06,0,1000,500000
332,1.0,5.375758708953858e-06,1,1000,500000
333,1.0,5.413011611938477e-06,0,1000,500000
334,1.0,5.375758708953858e-06,0,1000,500000
335,1.0,2.9385058059692387e-06,0,1000,500000
336,1.0,1.0250264514923098e-05,0,1000,500000
337,1.0,7.850264514923097e-06,0,1000,500000
338,1.0,7.850264514923097e-06,0,1000,500000
339,1.0,5.413011611938477e-06,0,1000,500000
340,1.0,7.850264514923097e-06,0,1000,500000
341,1.0,5.4502645149230965e-06,0,1000,500000
342,1.0,5.413011611938477e-06,0,1000,500000
343,1.0,2.975758708953858e-06,0,1000,500000
344,1.0,7.813011611938478e-06,0,1000,500000
345,1.0,5.413011611938477e-06,0,1000,500000
346,1.0,5.413011611938477e-06,0,1000,500000
347,1.0,2.975758708953858e-06,0,1000,500000
348,1.0,5.375758708953858e-06,0,1000,500000
349,1.0,2.975758708953858e-06,0,1000,500000
350,1.0,2.9385058059692387e-06,0,1000,500000
351,1.0,5.012529029846192e-07,0,1000,500000
352,1.0,1.2650264514923099e-05,1,1000,500000
353,1.0,7.850264514923097e-06,2,1000,500000
354,1.0,1.0250264514923098e-05,1,1000,500000
355,1.0,7.813011611938478e-06,1,1000,500000
356,1.0,1.0250264514923098e-05,1,1000,500000
357,1.0,7.850264514923097e-06,1,1000,500000
358,1.0,7.813011611938478e-06,1,1000,500000
359,1.0,5.375758708953858e-06,1,1000,500000
360,1.0,1.0250264514923098e-05,1,1000,500000
361,1.0,5.413011611938477e-06,2,1000,500000
362,1.0,7.850264514923097e-06,1,1000,500000
363,1.0,5.413011611938477e-06,1,1000,500000
364,1.0,5.375758708953858e-06,2,1000,500000
365,1.0,5.413011611938477e-06,1,1000,500000
366,1.0,5.375758708953858e-06,1,1000,500000
367,1.0,2.9385058059692387e-06,1,1000,500000
368,1.0,1.0250264514923098e-05,1,1000,500000
369,1.0,7.850264514923097e-06,1,1000,500000
370,1.0,7.850264514923097e-06,1,1000,500000
371,1.0,5.413011611938477e-06,1,1000,500000
372,1.0,7.850264514923097e-06,1,1000,500000
373,1.0,5.4502645149230965e-06,1,1000,500000
374,1.0,5.413011611938477e-06,1,1000,500000
375,1.0,2.975758708953858e-06,1,1000,500000
376,1.0,7.813011611938478e-06,1,1000,500000
377,1.0,5.413011611938477e-06,1,1000,500000
378,1.0,5.413011611938477e-06,1,1000,500000
379,1.0,2.975758708953858e-06,1,1000,500000
380,1.0,5.375758708953858e-06,1,1000,500000
381,1.0,2.975758708953858e-06,1,1000,500000
382,1.0,2.9385058059692387e-06,1,1000,500000
383,1.0,5.012529029846192e-07,1,1000,500000
384,0.0,1.2650264514923099e-05,0,0,500000
385,0.0,1.2650264514923099e-05,1,0,500000
386,0.0,1.2650264514923099e-05,1,0,500000
387,0.0,1.2650264514923099e-05,2,0,500000
388,0.0,1.2650264514923099e-05,1,0,500000
389,0.0,1.2650264514923099e-05,2,0,500000
390,0.0,1.2650264514923099e-05,2,0,500000
391,0.0,1.2650264514923099e-05,3,0,500000
392,0.0,1.2650264514923099e-05,1,0,500000
393,0.0,1.2650264514923099e-05,2,0,500000
394,0.0,1.2650264514923099e-05,2,0,500000
395,0.0,1.2650264514923099e-05,3,0,500000
396,0.0,1.2650264514923099e-05,2,0,500000
397,0.0,1.2650264514923099e-05,3,0,500000
398,0.0,1.2650264514923099e-05,3,0,500000
399,0.0,1.2650264514923099e-05,4,0,500000
400,0.0,1.2650264514923099e-05,1,0,500000
401,0.0,1.2650264514923099e-05,2,0,500000
402,0.0,1.2650264514923099e-05,2,0,500000
403,0.0,1.2650264514923099e-05,3,0,500000
404,0.0,1.2650264514923099e-05,2,0,500000
405,0.0,1.2650264514923099e-05,3,0,500000
406,0.0,1.2650264514923099e-05,3,0,500000
407,0.0,1.2650264514923099e-05,4,0,500000
408,0.0,1.2650264514923099e-05,2,0,500000
409,0.0,1.2650264514923099e-05,3,0,500000
410,0.0,1.2650264514923099e-05,3,0,500000
411,0.0,1.2650264514923099e-05,4,0,500000
412,0.0,1.2650264514923099e-05,3,0,500000
413,0.0,1.2650264514923099e-05,4,0,500000
414,0.0,1.2650264514923099e-05,4,0,500000
415,0.0,1.2650264514923099e-05,5,0,500000
416,0.0,1.2650264514923099e-05,1,0,500000
417,0.0,1.2650264514923099e-05,2,0,500000
418,0.0,1.2650264514923099e-05,2,0,500000
419,0.0,1.2650264514923099e-05,3,0,500000
420,0.0,1.2650264514923099e-05,2,0,500000
421,0.0,1.2650264514923099e-05,3,0,500000
422,0.0,1.2650264514923099e-05,3,0,500000
423,0.0,1.2650264514923099e-05,4,0,500000
424,0.0,1.2650264514923099e-05,2,0,500000
425,0.0,1.2650264514923099e-05,3,0,500000
426,0.0,1.2650264514923099e-05,3,0,500000
427,0.0,1.2650264514923099e-05,4,0,500000
428,0.0,1.2650264514923099e-05,3,0,500000
429,0.0,1.2650264514923099e-05,4,0,500000
430,0.0,1.2650264514923099e-05,4,0,500000
431,0.0,1.2650264514923099e-05,5,0,500000
432,0.0,1.2650264514923099e-05,2,0,500000
433,0.0,1.2650264514923099e-05,3,0,500000
434,0.0,1.2650264514923099e-05,3,0,500000
435,0.0,1.2650264514923099e-05,4,0,500000
436,0.0,1.2650264514923099e-05,3,0,500000
437,0.0,1.2650264514923099e-05,4,0,500000
438,0.0,1.2650264514923099e-05,4,0,500000
439,0.0,1.2650264514923099e-05,5,0,500000
440,0.0,1.2650264514923099e-05,3,0,500000
441,0.0,1.2650264514923099e-05,4,0,500000
442,0.0,1.2650264514923099e-05,4,0,500000
443,0.0,1.2650264514923099e-05,5,0,500000
444,0.0,1.2650264514923099e-05,4,0,500000
445,0.0,1.2650264514923099e-05,5,0,500000
446,0.0,1.2650264514923099e-05,5,0,500000
447,0.0,1.2650264514923099e-05,6,0,500000
448,0.2,1.2650264514923099e-05,0,0,500000
449,0.2,1.2650264514923099e-05,1,0,500000
450,0.2,1.2650264514923099e-05,1,0,500000
451,0.2,1.2650264514923099e-05,2,0,500000
452,0.2,1.2650264514923099e-05,1,0,500000
453,0.2,1.2650264514923099e-05,2,0,500000
454,0.2,1.2650264514923099e-05,2,0,500000
455,0.2,1.2650264514923099e-05,3,0,500000
456,0.2,1.2650264514923099e-05,1,0,500000
457,0.2,1.2650264514923099e-05,2,0,500000
458,0.2,1.2650264514923099e-05,2,0,500000
459,0.2,1.2650264514923099e-05,3,0,500000
460,0.2,1.2650264514923099e-05,2,0,500000
461,0.2,1.2650264514923099e-05,3,0,500000
462,0.2,1.2650264514923099e-05,3,0,500000
463,0.2,1.2650264514923099e-05,4,0,500000
464,0.2,1.2650264514923099e-05,1,0,500000
465,0.2,1.2650264514923099e-05,2,0,500000
466,0.2,1.2650264514923099e-05,2,0,500000
467,0.2,1.2650264514923099e-05,3,0,500000
468,0.2,1.2650264514923099e-05,2,0,500000
469,0.2,1.2650264514923099e-05,3,0,500000
470,0.2,1.2650264514923099e-05,3,0,500000
471,0.2,1.2650264514923099e-05,4,0,500000
472,0.2,1.2650264514923099e-05,2,0,500000
473,0.2,1.2650264514923099e-05,3,0,500000
474,0.2,1.2650264514923099e-05,3,0,500000
475,0.2,1.2650264514923099e-05,4,0,500000
476,0.2,1.2650264514923099e-05,3,0,500000
477,0.2,1.2650264514923099e-05,4,0,500000
478,0.2,1.2650264514923099e-05,4,0,500000
479,0.2,1.2650264514923099e-05,5,0,500000
480,0.2,1.2650264514923099e-05,1,0,500000
481,0.2,1.2650264514923099e-05,2,0,500000
482,0.2,1.2650264514923099e-05,2,0,500000
483,0.2,1.2650264514923099e-05,3,0,500000
484,0.2,1.2650264514923099e-05,2,0,500000
485,0.2,1.2650264514923099e-05,3,0,500000
486,0.2,1.2650264514923099e-05,3,0,500000
487,0.2,1.2650264514923099e-05,4,0,500000
488,0.2,1.2650264514923099e-05,2,0,500000
489,0.2,1.2650264514923099e-05,3,0,500000
490,0.2,1.2650264514923099e-05,3,0,500000
491,0.2,1.2650264514923099e-05,4,0,500000
492,0.2,1.2650264514923099e-05,3,0,500000
493,0.2,1.2650264514923099e-05,4,0,500000
494,0.2,1.2650264514923099e-05,4,0,500000
495,0.2,1.2650264514923099e-05,5,0,500000
496,0.2,1.2650264514923099e-05,2,0,500000
497,0.2,1.2650264514923099e-05,3,0,500000
498,0.2,1.2650264514923099e-05,3,0,500000
499,0.2,1.2650264514923099e-05,4,0,500000
500,0.2,1.2650264514923099e-05,3,0,500000
501,0.2,1.2650264514923099e-05,4,0,500000
502,0.2,1.2650264514923099e-05,4,0,500000
503,0.2,1.2650264514923099e-05,5,0,500000
504,0.2,1.2650264514923099e-05,3,0,500000
505,0.2,1.2650264514923099e-05,4,0,500000
506,0.2,1.2650264514923099e-05,4,0,500000
507,0.2,1.2650264514923099e-05,5,0,500000
508,0.2,1.2650264514923099e-05,4,0,500000
509,0.2,1.2650264514923099e-05,5,0,500000
510,0.2,1.2650264514923099e-05,5,0,500000
511,0.2,1.2650264514923099e-05,6,0,500000
512,0.4,1.2650264514923099e-05,0,0,500000
513,0.4,1.2650264514923099e-05,1,0,500000
514,0.4,1.2650264514923099e-05,1,0,500000
515,0.4,1.2650264514923099e-05,2,0,500000
516,0.4,1.2650264514923099e-05,1,0,500000
517,0.4,1.2650264514923099e-05,2,0,500000
518,0.4,1.2650264514923099e-05,2,0,500000
519,0.4,1.2650264514923099e-05,3,0,500000
520,0.4,1.2650264514923099e-05,1,0,500000
521,0.4,1.2650264514923099e-05,2,0,500000
522,0.4,1.2650264514923099e-05,2,0,500000
523,0.4,1.2650264514923099e-05,3,0,500000
524,0.4,1.2650264514923099e-05,2,0,500000
525,0.4,1.2650264514923099e-05,3,0,500000
526,0.4,1.2650264514923099e-05,3,0,500000
527,0.4,1.2650264514923099e-05,4,0,500000
528,0.4,1.2650264514923099e-05,1,0,500000
529,0.4,1.2650264514923099e-05,2,0,500000
530,0.4,1.2650264514923099e-05,2,0,500000
531,0.4,1.2650264514923099e-05,3,0,500000
532,0.4,1.2650264514923099e-05,2,0,500000
533,0.4,1.2650264514923099e-05,3,0,500000
534,0.4,1.2650264514923099e-05,3,0,500000
535,0.4,1.2650264514923099e-05,4,0,500000
536,0.4,1.2650264514923099e-05,2,0,500000
537,0.4,1.2650264514923099e-05,3,0,500000
538,0.4,1.2650264514923099e-05,3,0,500000
539,0.4,1.2650264514923099e-05,4,0,500000
540,0.4,1.2650264514923099e-05,3,0,500000
541,0.4,1.2650264514923099e-05,4,0,500000
542,0.4,1.2650264514923099e-05,4,0,500000
543,0.4,1.2650264514923099e-05,5,0,500000
544,0.4,1.2650264514923099e-05,1,0,500000
545,0.4,1.2650264514923099e-05,2,0,500000
546,0.4,1.2650264514923099e-05,2,0,500000
547,0.4,1.2650264514923099e-05,3,0,500000
548,0.4,1.2650264514923099e-05,2,0,500000
549,0.4,1.2650264514923099e-05,3,0,500000
550,0.4,1.2650264514923099e-05,3,0,500000
551,0.4,1.2650264514923099e-05,4,0,500000
552,0.4,1.2650264514923099e-05,2,0,500000
553,0.4,1.2650264514923099e-05,3,0,500000
554,0.4,1.2650264514923099e-05,3,0,500000
555,0.4,1.2650264514923099e-05,4,0,500000
556,0.4,1.2650264514923099e-05,3,0,500000
557,0.4,1.2650264514923099e-05,4,0,500000
558,0.4,1.2650264514923099e-05,4,0,500000
559,0.4,1.2650264514923099e-05,5,0,500000
560,0.4,1.2650264514923099e-05,2,0,500000
561,0.4,1.2650264514923099e-05,3,0,500000
562,0.4,1.2650264514923099e-05,3,0,500000
563,0.4,1.2650264514923099e-05,4,0,500000
564,0.4,1.2650264514923099e-05,3,0,500000
565,0.4,1.2650264514923099e-05,4,0,500000
566,0.4,1.2650264514923099e-05,4,0,500000
567,0.4,1.2650264514923099e-05,5,0,500000
568,0.4,1.2650264514923099e-05,3,0,500000
569,0.4,1.2650264514923099e-05,4,0,500000
570,0.4,1.2650264514923099e-05,4,0,500000
571,0.4,1.2650264514923099e-05,5,0,500000
572,0.4,1.2650264514923099e-05,4,0,500000
573,0.4,1.2650264514923099e-05,5,0,500000
574,0.4,1.2650264514923099e-05,5,0,500000
575,0.4,1.2650264514923099e-05,6,0,500000
576,0.6,1.2650264514923099e-05,0,0,500000
577,0.6,1.2650264514923099e-05,1,0,500000
578,0.6,1.2650264514923099e-05,1,0,500000
579,0.6,1.2650264514923099e-05,2,0,500000
580,0.6,1.2650264514923099e-05,1,0,500000
581,0.6,1.2650264514923099e-05,2,0,500000
582,0.6,1.2650264514923099e-05,2,0,500000
583,0.6,1.2650264514923099e-05,3,0,500000
584,0.6,1.2650264514923099e-05,1,0,500000
585,0.6,1.2650264514923099e-05,2,0,500000
586,0.6,1.2650264514923099e-05,2,0,500000
587,0.6,1.2650264514923099e-05,3,0,500000
588,0.6,1.2650264514923099e-05,2,0,500000
589,0.6,1.2650264514923099e-05,3,0,500000
590,0.6,1.2650264514923099e-05,3,0,500000
591,0.6,1.2650264514923099e-05,4,0,500000
592,0.6,1.2650264514923099e-05,1,0,500000
593,0.6,1.2650264514923099e-05,2,0,500000
594,0.6,1.2650264514923099e-05,2,0,500000
595,0.6,1.2650264514923099e-05,3,0,500000
596,0.6,1.2650264514923099e-05,2,0,500000
597,0.6,1.2650264514923099e-05,3,0,500000
598,0.6,1.2650264514923099e-05,3,0,500000
599,0.6,1.2650264514923099e-05,4,0,500000
600,0.6,1.2650264514923099e-05,2,0,500000
601,0.6,1.2650264514923099e-05,3,0,500000
602,0.6,1.2650264514923099e-05,3,0,500000
603,0.6,1.2650264514923099e-05,4,0,500000
604,0.6,1.2650264514923099e-05,3,0,500000
605,0.6,1.2650264514923099e-05,4,0,500000
606,0.6,1.2650264514923099e-05,4,0,500000
607,0.6,1.2650264514923099e-05,5,0,500000
608,0.6,1.2650264514923099e-05,1,0,500000
609,0.6,1.2650264514923099e-05,2,0,500000
610,0.6,1.2650264514923099e-05,2,0,500000
611,0.6,1.2650264514923099e-05,3,0,500000
612,0.6,1.2650264514923099e-05,2,0,500000
613,0.6,1.2650264514923099e-05,3,0,500000
614,0.6,1.2650264514923099e-05,3,0,500000
615,0.6,1.2650264514923099e-05,4,0,500000
616,0.6,1.2650264514923099e-05,2,0,500000
617,0.6,1.2650264514923099e-05,3,0,500000
618,0.6,1.2650264514923099e-05,3,0,500000
619,0.6,1.2650264514923099e-05,4,0,500000
620,0.6,1.2650264514923099e-05,3,0,500000
621,0.6,1.2650264514923099e-05,4,0,500000
622,0.6,1.2650264514923099e-05,4,0,500000
623,0.6,1.2650264514923099e-05,5,0,500000
624,0.6,1.2650264514923099e-05,2,0,500000
625,0.6,1.2650264514923099e-05,3,0,500000
626,0.6,1.2650264514923099e-05,3,0,500000
627,0.6,1.2650264514923099e-05,4,0,500000
628,0.6,1.2650264514923099e-05,3,0,500000
629,0.6,1.2650264514923099e-05,4,0,500000
630,0.6,1.2650264514923099e-05,4,0,500000
631,0.6,1.2650264514923099e-05,5,0,500000
632,0.6,1.2650264514923099e-05,3,0,500000
633,0.6,1.2650264514923099e-05,4,0,500000
634,0.6,1.2650264514923099e-05,4,0,500000
635,0.6,1.2650264514923099e-05,5,0,500000
636,0.6,1.2650264514923099e-05,4,0,500000
637,0.6,1.2650264514923099e-05,5,0,500000
638,0.6,1.2650264514923099e-05,5,0,500000
639,0.6,1.2650264514923099e-05,6,0,500000
640,0.8,1.2650264514923099e-05,0,0,500000
641,0.8,1.2650264514923099e-05,1,0,500000
642,0.8,1.2650264514923099e-05,1,0,500000
643,0.8,1.2650264514923099e-05,2,0,500000
644,0.8,1.2650264514923099e-05,1,0,500000
645,0.8,1.2650264514923099e-05,2,0,500000
646,0.8,1.2650264514923099e-05,2,0,500000
647,0.8,1.2650264514923099e-05,3,0,500000
648,0.8,1.2650264514923099e-05,1,0,500000
649,0.8,1.2650264514923099e-05,2,0,500000
650,0.8,1.2650264514923099e-05,2,0,500000
651,0.8,1.2650264514923099e-05,3,0,500000
652,0.8,1.2650264514923099e-05,2,0,500000
653,0.8,1.2650264514923099e-05,3,0,500000
654,0.8,1.2650264514923099e-05,3,0,500000
655,0.8,1.2650264514923099e-05,4,0,500000
656,0.8,1.2650264514923099e-05,1,0,500000
657,0.8,1.2650264514923099e-05,2,0,500000
658,0.8,1.2650264514923099e-05,2,0,500000
659,0.8,1.2650264514923099e-05,3,0,500000
660,0.8,1.2650264514923099e-05,2,0,500000
661,0.8,1.2650264514923099e-05,3,0,500000
662,0.8,1.2650264514923099e-05,3,0,500000
663,0.8,1.2650264514923099e-05,4,0,500000
664,0.8,1.2650264514923099e-05,2,0,500000
665,0.8,1.2650264514923099e-05,3,0,500000
666,0.8,1.2650264514923099e-05,3,0,500000
667,0.8,1.2650264514923099e-05,4,0,500000
668,0.8,1.2650264514923099e-05,3,0,500000
669,0.8,1.2650264514923099e-05,4,0,500000
670,0.8,1.2650264514923099e-05,4,0,500000
671,0.8,1.2650264514923099e-05,5,0,500000
672,0.8,1.2650264514923099e-05,1,0,500000
673,0.8,1.2650264514923099e-05,2,0,500000
674,0.8,1.2650264514923099e-05,2,0,500000
675,0.8,1.2650264514923099e-05,3,0,500000
676,0.8,1.2650264514923099e-05,2,0,500000
677,0.8,1.2650264514923099e-05,3,0,500000
678,0.8,1.2650264514923099e-05,3,0,500000
679,0.8,1.2650264514923099e-05,4,0,500000
680,0.8,1.2650264514923099e-05,2,0,500000
681,0.8,1.2650264514923099e-05,3,0,500000
682,0.8,1.2650264514923099e-05,3,0,500000
683,0.8,1.2650264514923099e-05,4,0,500000
684,0.8,1.2650264514923099e-05,3,0,500000
685,0.8,1.2650264514923099e-05,4,0,500000
686,0.8,1.2650264514923099e-05,4,0,500000
687,0.8,1.2650264514923099e-05,5,0,500000
688,0.8,1.2650264514923099e-05,2,0,500000
689,0.8,1.2650264514923099e-05,3,0,500000
690,0.8,1.2650264514923099e-05,3,0,500000
691,0.8,1.2650264514923099e-05,4,0,500000
692,0.8,1.2650264514923099e-05,3,0,500000
693,0.8,1.2650264514923099e-05,4,0,500000
694,0.8,1.2650264514923099e-05,4,0,500000
695,0.8,1.2650264514923099e-05,5,0,500000
696,0.8,1.2650264514923099e-05,3,0,500000
697,0.8,1.2650264514923099e-05,4,0,500000
698,0.8,1.2650264514923099e-05,4,0,500000
699,0.8,1.2650264514923099e-05,5,0,500000
700,0.8,1.2650264514923099e-05,4,0,500000
701,0.8,1.2650264514923099e-05,5,0,500000
702,0.8,1.2650264514923099e-05,5,0,500000
703,0.8,1.2650264514923099e-05,6,0,500000
704,1.0,1.2650264514923099e-05,0,0,500000
705,1.0,1.2650264514923099e-05,1,0,500000
706,1.0,1.2650264514923099e-05,1,0,500000
707,1.0,1.2650264514923099e-05,2,0,500000
708,1.0,1.2650264514923099e-05,1,0,500000
709,1.0,1.2650264514923099e-05,2,0,500000
710,1.0,1.2650264514923099e-05,2,0,500000
711,1.0,1.2650264514923099e-05,3,0,500000
712,1.0,1.2650264514923099e-05,1,0,500000
713,1.0,1.2650264514923099e-05,2,0,500000
714,1.0,1.2650264514923099e-05,2,0,500000
715,1.0,1.2650264514923099e-05,3,0,500000
716,1.0,1.2650264514923099e-05,2,0,500000
717,1.0,1.2650264514923099e-05,3,0,500000
718,1.0,1.2650264514923099e-05,3,0,500000
719,1.0,1.2650264514923099e-05,4,0,500000
720,1.0,1.2650264514923099e-05,1,0,500000
721,1.0,1.2650264514923099e-05,2,0,500000
722,1.0,1.2650264514923099e-05,2,0,500000
723,1.0,1.2650264514923099e-05,3,0,500000
724,1.0,1.2650264514923099e-05,2,0,500000
725,1.0,1.2650264514923099e-05,3,0,500000
726,1.0,1.2650264514923099e-05,3,0,500000
727,1.0,1.2650264514923099e-05,4,0,500000
728,1.0,1.2650264514923099e-05,2,0,500000
729,1.0,1.2650264514923099e-05,3,0,500000
730,1.0,1.2650264514923099e-05,3,0,500000
731,1.0,1.2650264514923099e-05,4,0,500000
732,1.0,1.2650264514923099e-05,3,0,500000
733,1.0,1.2650264514923099e-05,4,0,500000
734,1.0,1.2650264514923099e-05,4,0,500000
735,1.0,1.2650264514923099e-05,5,0,500000
736,1.0,1.2650264514923099e-05,1,0,500000
737,1.0,1.2650264514923099e-05,2,0,500000
738,1.0,1.2650264514923099e-05,2,0,500000
739,1.0,1.2650264514923099e-05,3,0,500000
740,1.0,1.2650264514923099e-05,2,0,500000
741,1.0,1.2650264514923099e-05,3,0,500000
742,1.0,1.2650264514923099e-05,3,0,500000
743,1.0,1.2650264514923099e-05,4,0,500000
744,1.0,1.2650264514923099e-05,2,0,500000
745,1.0,1.2650264514923099e-05,3,0,500000
746,1.0,1.2650264514923099e-05,3,0,500000
747,1.0,1.2650264514923099e-05,4,0,500000
748,1.0,1.2650264514923099e-05,3,0,500000
749,1.0,1.2650264514923099e-05,4,0,500000
750,1.0,1.2650264514923099e-05,4,0,500000
751,1.0,1.2650264514923099e-05,5,0,500000
752,1.0,1.2650264514923099e-05,2,0,500000
753,1.0,1.2650264514923099e-05,3,0,500000
754,1.0,1.2650264514923099e-05,3,0,500000
755,1.0,1.2650264514923099e-05,4,0,500000
756,1.0,1.2650264514923099e-05,3,0,500000
757,1.0,1.2650264514923099e-05,4,0,500000
758,1.0,1.2650264514923099e-05,4,0,500000
759,1.0,1.2650264514923099e-05,5,0,500000
760,1.0,1.2650264514923099e-05,3,0,500000
761,1.0,1.2650264514923099e-05,4,0,500000
762,1.0,1.2650264514923099e-05,4,0,500000
763,1.0,1.2650264514923099e-05,5,0,500000
764,1.0,1.2650264514923099e-05,4,0,500000
765,1.0,1.2650264514923099e-05,5,0,500000
766,1.0,1.2650264514923099e-05,5,0,500000
767,1.0,1.2650264514923099e-05,6,0,500000
768,0.0,1.2650264514923099e-05,0,2,500000
769,0.0,1.2650264514923099e-05,1,2,500000
770,0.0,1.2650264514923099e-05,1,2,500000
771,0.0,1.2650264514923099e-05,2,2,500000
772,0.0,1.2650264514923099e-05,1,2,500000
773,0.0,1.2650264514923099e-05,2,2,500000
774,0.0,1.2650264514923099e-05,2,2,500000
775,0.0,1.2650264514923099e-05,3,2,500000
776,0.0,1.2650264514923099e-05,1,2,500000
777,0.0,1.2650264514923099e-05,2,2,500000
778,0.0,1.2650264514923099e-05,2,2,500000
779,0.0,1.2650264514923099e-05,3,2,500000
780,0.0,1.2650264514923099e-05,2,2,500000
781,0.0,1.2650264514923099e-05,3,2,500000
782,0.0,1.2650264514923099e-05,3,2,500000
783,0.0,1.2650264514923099e-05,4,2,500000
784,0.0,1.2650264514923099e-05,1,2,500000
785,0.0,1.2650264514923099e-05,2,2,500000
786,0.0,1.2650264514923099e-05,2,2,500000
787,0.0,1.2650264514923099e-05,3,2,500000
788,0.0,1.2650264514923099e-05,2,2,500000
789,0.0,1.2650264514923099e-05,3,2,500000
790,0.0,1.2650264514923099e-05,3,2,500000
791,0.0,1.2650264514923099e-05,4,2,500000
792,0.0,1.2650264514923099e-05,2,2,500000
793,0.0,1.2650264514923099e-05,3,2,500000
794,0.0,1.2650264514923099e-05,3,2,500000
795,0.0,1.2650264514923099e-05,4,2,500000
796,0.0,1.2650264514923099e-05,3,2,500000
797,0.0,1.2650264514923099e-05,4,2,500000
798,0.0,1.2650264514923099e-05,4,2,500000
799,0.0,1.2650264514923099e-05,5,2,500000
800,0.0,1.2650264514923099e-05,1,2,500000
801,0.0,1.2650264514923099e-05,2,2,500000
802,0.0,1.2650264514923099e-05,2,2,500000
803,0.0,1.2650264514923099e-05,3,2,500000
804,0.0,1.2650264514923099e-05,2,2,500000
805,0.0,1.2650264514923099e-05,3,2,500000
806,0.0,1.2650264514923099e-05,3,2,500000
807,0.0,1.2650264514923099e-05,4,2,500000
808,0.0,1.2650264514923099e-05,2,2,500000
809,0.0,1.2650264514923099e-05,3,2,500000
810,0.0,1.2650264514923099e-05,3,2,500000
811,0.0,1.2650264514923099e-05,4,2,500000
812,0.0,1.2650264514923099e-05,3,2,500000
813,0.0,1.2650264514923099e-05,4,2,500000
814,0.0,1.2650264514923099e-05,4,2,500000
815,0.0,1.2650264514923099e-05,5,2,500000
816,0.0,1.2650264514923099e-05,2,2,500000
817,0.0,1.2650264514923099e-05,3,2,500000
818,0.0,1.2650264514923099e-05,3,2,500000
819,0.0,1.2650264514923099e-05,4,2,500000
820,0.0,1.2650264514923099e-05,3,2,500000
821,0.0,1.2650264514923099e-05,4,2,500000
822,0.0,1.2650264514923099e-05,4,2,500000
823,0.0,1.2650264514923099e-05,5,2,500000
824,0.0,1.2650264514923099e-05,3,2,500000
825,0.0,1.2650264514923099e-05,4,2,500000
826,0.0,1.2650264514923099e-05,4,2,500000
827,0.0,1.2650264514923099e-05,5,2,500000
828,0.0,1.2650264514923099e-05,4,2,500000
829,0.0,1.2650264514923099e-05,5,2,500000
830,0.0,1.2650264514923099e-05,5,2,500000
831,0.0,1.2650264514923099e-05,6,2,500000
832,0.2,1.2650264514923099e-05,0,2,500000
833,0.2,1.2650264514923099e-05,1,2,500000
834,0.2,1.2650264514923099e-05,1,2,500000
835,0.2,1.2650264514923099e-05,2,2,500000
836,0.2,1.2650264514923099e-05,1,2,500000
837,0.2,1.2650264514923099e-05,2,2,500000
838,0.2,1.2650264514923099e-05,2,2,500000
839,0.2,1.2650264514923099e-05,3,2,500000
840,0.2,1.2650264514923099e-05,1,2,500000
841,0.2,1.2650264514923099e-05,2,2,500000
842,0.2,1.2650264514923099e-05,2,2,500000
843,0.2,1.2650264514923099e-05,3,2,500000
844,0.2,1.2650264514923099e-05,2,2,500000
845,0.2,1.2650264514923099e-05,3,2,500000
846,0.2,1.2650264514923099e-05,3,2,500000
847,0.2,1.2650264514923099e-05,4,2,500000
848,0.2,1.2650264514923099e-05,1,2,500000
849,0.2,1.2650264514923099e-05,2,2,500000
850,0.2,1.2650264514923099e-05,2,2,500000
851,0.2,1.2650264514923099e-05,3,2,500000
852,0.2,1.2650264514923099e-05,2,2,500000
853,0.2,1.2650264514923099e-05,3,2,500000
854,0.2,1.2650264514923099e-05,3,2,500000
855,0.2,1.2650264514923099e-05,4,2,500000
856,0.2,1.2650264514923099e-05,2,2,500000
857,0.2,1.2650264514923099e-05,3,2,500000
858,0.2,1.2650264514923099e-05,3,2,500000
859,0.2,1.2650264514923099e-05,4,2,500000
860,0.2,1.2650264514923099e-05,3,2,500000
861,0.2,1.2650264514923099e-05,4,2,500000
862,0.2,1.2650264514923099e-05,4,2,500000
863,0.2,1.2650264514923099e-05,5,2,500000
864,0.2,1.2650264514923099e-05,1,2,500000
865,0.2,1.2650264514923099e-05,2,2,500000
866,0.2,1.2650264514923099e-05,2,2,500000
867,0.2,1.2650264514923099e-05,3,2,500000
868,0.2,1.2650264514923099e-05,2,2,500000
869,0.2,1.2650264514923099e-05,3,2,500000
870,0.2,1.2650264514923099e-05,3,2,500000
871,0.2,1.2650264514923099e-05,4,2,500000
872,0.2,1.2650264514923099e-05,2,2,500000
873,0.2,1.2650264514923099e-05,3,2,500000
874,0.2,1.2650264514923099e-05,3,2,500000
875,0.2,1.2650264514923099e-05,4,2,500000
876,0.2,1.2650264514923099e-05,3,2,500000
877,0.2,1.2650264514923099e-05,4,2,500000
878,0.2,1.2650264514923099e-05,4,2,500000
879,0.2,1.2650264514923099e-05,5,2,500000
880,0.2,1.2650264514923099e-05,2,2,500000
881,0.2,1.2650264514923099e-05,3,2,500000
882,0.2,1.2650264514923099e-05,3,2,500000
883,0.2,1.2650264514923099e-05,4,2,500000
884,0.2,1.2650264514923099e-05,3,2,500000
885,0.2,1.2650264514923099e-05,4,2,500000
886,0.2,1.2650264514923099e-05,4,2,500000
887,0.2,1.2650264514923099e-05,5,2,500000
888,0.2,1.2650264514923099e-05,3,2,500000
889,0.2,1.2650264514923099e-05,4,2,500000
890,0.2,1.2650264514923099e-05,4,2,500000
891,0.2,1.2650264514923099e-05,5,2,500000
892,0.2,1.2650264514923099e-05,4,2,500000
893,0.2,1.2650264514923099e-05,5,2,500000
894,0.2,1.2650264514923099e-05,5,2,500000
895,0.2,1.2650264514923099e-05,6,2,500000
896,0.4,1.2650264514923099e-05,0,2,500000
897,0.4,1.2650264514923099e-05,1,2,500000
898,0.4,1.2650264514923099e-05,1,2,500000
899,0.4,1.2650264514923099e-05,2,2,500000
900,0.4,1.2650264514923099e-05,1,2,500000
901,0.4,1.2650264514923099e-05,2,2,500000
902,0.4,1.2650264514923099e-05,2,2,500000
903,0.4,1.2650264514923099e-05,3,2,500000
904,0.4,1.2650264514923099e-05,1,2,500000
905,0.4,1.2650264514923099e-05,2,2,500000
906,0.4,1.2650264514923099e-05,2,2,500000
907,0.4,1.2650264514923099e-05,3,2,500000
908,0.4,1.2650264514923099e-05,2,2,500000
909,0.4,1.2650264514923099e-05,3,2,500000
910,0.4,1.2650264514923099e-05,3,2,500000
911,0.4,1.2650264514923099e-05,4,2,500000
912,0.4,1.2650264514923099e-05,1,2,500000
913,0.4,1.2650264514923099e-05,2,2,500000
914,0.4,1.2650264514923099e-05,2,2,500000
915,0.4,1.2650264514923099e-05,3,2,500000
916,0.4,1.2650264514923099e-05,2,2,500000
917,0.4,1.2650264514923099e-05,3,2,500000
918,0.4,1.2650264514923099e-05,3,2,500000
919,0.4,1.2650264514923099e-05,4,2,500000
920,0.4,1.2650264514923099e-05,2,2,500000
921,0.4,1.2650264514923099e-05,3,2,500000
922,0.4,1.2650264514923099e-05,3,2,500000
923,0.4,1.2650264514923099e-05,4,2,500000
924,0.4,1.2650264514923099e-05,3,2,500000
925,0.4,1.2650264514923099e-05,4,2,500000
926,0.4,1.2650264514923099e-05,4,2,500000
927,0.4,1.2650264514923099e-05,5,2,500000
928,0.4,1.2650264514923099e-05,1,2,500000
929,0.4,1.2650264514923099e-05,2,2,500000
930,0.4,1.2650264514923099e-05,2,2,500000
931,0.4,1.2650264514923099e-05,3,2,500000
932,0.4,1.2650264514923099e-05,2,2,500000
933,0.4,1.2650264514923099e-05,3,2,500000
934,0.4,1.2650264514923099e-05,3,2,500000
935,0.4,1.2650264514923099e-05,4,2,500000
936,0.4,1.2650264514923099e-05,2,2,500000
937,0.4,1.2650264514923099e-05,3,2,500000
938,0.4,1.2650264514923099e-05,3,2,500000
939,0.4,1.2650264514923099e-05,4,2,500000
940,0.4,1.2650264514923099e-05,3,2,500000
941,0.4,1.2650264514923099e-05,4,2,500000
942,0.4,1.2650264514923099e-05,4,2,500000
943,0.4,1.2650264514923099e-05,5,2,500000
944,0.4,1.2650264514923099e-05,2,2,500000
945,0.4,1.2650264514923099e-05,3,2,500000
946,0.4,1.2650264514923099e-05,3,2,500000
947,0.4,1.2650264514923099e-05,4,2,500000
948,0.4,1.2650264514923099e-05,3,2,500000
949,0.4,1.2650264514923099e-05,4,2,500000
950,0.4,1.2650264514923099e-05,4,2,500000
951,0.4,1.2650264514923099e-05,5,2,500000
952,0.4,1.2650264514923099e-05,3,2,500000
953,0.4,1.2650264514923099e-05,4,2,500000
954,0.4,1.2650264514923099e-05,4,2,500000
955,0.4,1.2650264514923099e-05,5,2,500000
956,0.4,1.2650264514923099e-05,4,2,500000
957,0.4,1.2650264514923099e-05,5,2,500000
958,0.4,1.2650264514923099e-05,5,2,500000
959,0.4,1.2650264514923099e-05,6,2,500000
960,0.6,1.2650264514923099e-05,0,2,500000
961,0.6,1.2650264514923099e-05,1,2,500000
962,0.6,1.2650264514923099e-05,1,2,500000
963,0.6,1.2650264514923099e-05,2,2,500000
964,0.6,1.2650264514923099e-05,1,2,500000
965,0.6,1.2650264514923099e-05,2,2,500000
966,0.6,1.2650264514923099e-05,2,2,500000
967,0.6,1.2650264514923099e-05,3,2,500000
968,0.6,1.2650264514923099e-05,1,2,500000
969,0.6,1.2650264514923099e-05,2,2,500000
970,0.6,1.2650264514923099e-05,2,2,500000
971,0.6,1.2650264514923099e-05,3,2,500000
972,0.6,1.2650264514923099e-05,2,2,500000
973,0.6,1.2650264514923099e-05,3,2,500000
974,0.6,1.2650264514923099e-05,3,2,500000
975,0.6,1.2650264514923099e-05,4,2,500000
976,0.6,1.2650264514923099e-05,1,2,500000
977,0.6,1.2650264514923099e-05,2,2,500000
978,0.6,1.2650264514923099e-05,2,2,500000
979,0.6,1.2650264514923099e-05,3,2,500000
980,0.6,1.2650264514923099e-05,2,2,500000
981,0.6,1.2650264514923099e-05,3,2,500000
982,0.6,1.2650264514923099e-05,3,2,500000
983,0.6,1.2650264514923099e-05,4,2,500000
984,0.6,1.2650264514923099e-05,2,2,500000
985,0.6,1.2650264514923099e-05,3,2,500000
986,0.6,1.2650264514923099e-05,3,2,500000
987,0.6,1.2650264514923099e-05,4,2,500000
988,0.6,1.2650264514923099e-05,3,2,500000
989,0.6,1.2650264514923099e-05,4,2,500000
990,0.6,1.2650264514923099e-05,4,2,500000
991,0.6,1.2650264514923099e-05,5,2,500000
992,0.6,1.2650264514923099e-05,1,2,500000
993,0.6,1.2650264514923099e-05,2,2,500000
994,0.6,1.2650264514923099e-05,2,2,500000
995,0.6,1.2650264514923099e-05,3,2,500000
996,0.6,1.2650264514923099e-05,2,2,500000
997,0.6,1.2650264514923099e-05,3,2,500000
998,0.6,1.2650264514923099e-05,3,2,500000
999,0.6,1.2650264514923099e-05,4,2,500000
1000,0.6,1.2650264514923099e-05,2,2,500000
1001,0.6,1.2650264514923099e-05,3,2,500000
1002,0.6,1.2650264514923099e-05,3,2,500000
1003,0.6,1.2650264514923099e-05,4,2,500000
1004,0.6,1.2650264514923099e-05,3,2,500000
1005,0.6,1.2650264514923099e-05,4,2,500000
1006,0.6,1.2650264514923099e-05,4,2,500000
1007,0.6,1.2650264514923099e-05,5,2,500000
1008,0.6,1.2650264514923099e-05,2,2,500000
1009,0.6,1.2650264514923099e-05,3,2,500000
1010,0.6,1.2650264514923099e-05,3,2,500000
1011,0.6,1.2650264514923099e-05,4,2,500000
1012,0.6,1.2650264514923099e-05,3,2,500000
1013,0.6,1.2650264514923099e-05,4,2,500000
1014,0.6,1.2650264514923099e-05,4,2,500000
1015,0.6,1.2650264514923099e-05,5,2,500000
1016,0.6,1.2650264514923099e-05,3,2,500000
1017,0.6,1.2650264514923099e-05,4,2,500000
1018,0.6,1.2650264514923099e-05,4,2,500000
1019,0.6,1.2650264514923099e-05,5,2,500000
1020,0.6,1.2650264514923099e-05,4,2,500000
1021,0.6,1.2650264514923099e-05,5,2,500000
1022,0.6,1.2650264514923099e-05,5,2,500000
1023,0.6,1.2650264514923099e-05,6,2,500000
1024,0.8,1.2650264514923099e-05,0,2,500000
1025,0.8,1.2650264514923099e-05,1,2,500000
1026,0.8,1.2650264514923099e-05,1,2,500000
1027,0.8,1.2650264514923099e-05,2,2,500000
1028,0.8,1.2650264514923099e-05,1,2,500000
1029,0.8,1.2650264514923099e-05,2,2,500000
1030,0.8,1.2650264514923099e-05,2,2,500000
1031,0.8,1.2650264514923099e-05,3,2,500000
1032,0.8,1.2650264514923099e-05,1,2,500000
1033,0.8,1.2650264514923099e-05,2,2,500000
1034,0.8,1.2650264514923099e-05,2,2,500000
1035,0.8,1.2650264514923099e-05,3,2,500000
1036,0.8,1.2650264514923099e-05,2,2,500000
1037,0.8,1.2650264514923099e-05,3,2,500000
1038,0.8,1.2650264514923099e-05,3,2,500000
1039,0.8,1.2650264514923099e-05,4,2,500000
1040,0.8,1.2650264514923099e-05,1,2,500000
1041,0.8,1.2650264514923099e-05,2,2,500000
1042,0.8,1.2650264514923099e-05,2,2,500000
1043,0.8,1.2650264514923099e-05,3,2,500000
1044,0.8,1.2650264514923099e-05,2,2,500000
1045,0.8,1.2650264514923099e-05,3,2,500000
1046,0.8,1.2650264514923099e-05,3,2,500000
1047,0.8,1.2650264514923099e-05,4,2,500000
1048,0.8,1.2650264514923099e-05,2,2,500000
1049,0.8,1.2650264514923099e-05,3,2,500000
1050,0.8,1.2650264514923099e-05,3,2,500000
1051,0.8,1.2650264514923099e-05,4,2,500000
1052,0.8,1.2650264514923099e-05,3,2,500000
1053,0.8,1.2650264514923099e-05,4,2,500000
1054,0.8,1.2650264514923099e-05,4,2,500000
1055,0.8,1.2650264514923099e-05,5,2,500000
1056,0.8,1.2650264514923099e-05,1,2,500000
1057,0.8,1.2650264514923099e-05,2,2,500000
1058,0.8,1.2650264514923099e-05,2,2,500000
1059,0.8,1.2650264514923099e-05,3,2,500000
1060,0.8,1.2650264514923099e-05,2,2,500000
1061,0.8,1.2650264514923099e-05,3,2,500000
1062,0.8,1.2650264514923099e-05,3,2,500000
1063,0.8,1.2650264514923099e-05,4,2,500000
1064,0.8,1.2650264514923099e-05,2,2,500000
1065,0.8,1.2650264514923099e-05,3,2,500000
1066,0.8,1.2650264514923099e-05,3,2,500000
1067,0.8,1.2650264514923099e-05,4,2,500000
1068,0.8,1.2650264514923099e-05,3,2,500000
1069,0.8,1.2650264514923099e-05,4,2,500000
1070,0.8,1.2650264514923099e-05,4,2,500000
1071,0.8,1.2650264514923099e-05,5,2,500000
1072,0.8,1.2650264514923099e-05,2,2,500000
1073,0.8,1.2650264514923099e-05,3,2,500000
1074,0.8,1.2650264514923099e-05,3,2,500000
1075,0.8,1.2650264514923099e-05,4,2,500000
1076,0.8,1.2650264514923099e-05,3,2,500000
1077,0.8,1.2650264514923099e-05,4,2,500000
1078,0.8,1.2650264514923099e-05,4,2,500000
1079,0.8,1.2650264514923099e-05,5,2,500000
1080,0.8,1.2650264514923099e-05,3,2,500000
1081,0.8,1.2650264514923099e-05,4,2,500000
1082,0.8,1.2650264514923099e-05,4,2,500000
1083,0.8,1.2650264514923099e-05,5,2,500000
1084,0.8,1.2650264514923099e-05,4,2,500000
1085,0.8,1.2650264514923099e-05,5,2,500000
1086,0.8,1.2650264514923099e-05,5,2,500000
1087,0.8,1.2650264514923099e-05,6,2,500000
1088,1.0,1.2650264514923099e-05,0,2,500000
1089,1.0,1.2650264514923099e-05,1,2,500000
1090,1.0,1.2650264514923099e-05,1,2,500000
1091,1.0,1.2650264514923099e-05,2,2,500000
1092,1.0,1.2650264514923099e-05,1,2,500000
1093,1.0,1.2650264514923099e-05,2,2,500000
1094,1.0,1.2650264514923099e-05,2,2,500000
1095,1.0,1.2650264514923099e-05,3,2,500000
1096,1.0,1.2650264514923099e-05,1,2,500000
1097,1.0,1.2650264514923099e-05,2,2,500000
1098,1.0,1.2650264514923099e-05,2,2,500000
1099,1.0,1.2650264514923099e-05,3,2,500000
1100,1.0,1.2650264514923099e-05,2,2,500000
1101,1.0,1.2650264514923099e-05,3,2,500000
1102,1.0,1.2650264514923099e-05,3,2,500000
1103,1.0,1.2650264514923099e-05,4,2,500000
1104,1.0,1.2650264514923099e-05,1,2,500000
1105,1.0,1.2650264514923099e-05,2,2,500000
1106,1.0,1.2650264514923099e-05,2,2,500000
1107,1.0,1.2650264514923099e-05,3,2,500000
1108,1.0,1.2650264514923099e-05,2,2,500000
1109,1.0,1.2650264514923099e-05,3,2,500000
1110,1.0,1.2650264514923099e-05,3,2,500000
1111,1.0,1.2650264514923099e-05,4,2,500000
1112,1.0,1.2650264514923099e-05,2,2,500000
1113,1.0,1.2650264514923099e-05,3,2,500000
1114,1.0,1.2650264514923099e-05,3,2,500000
1115,1.0,1.2650264514923099e-05,4,2,500000
1116,1.0,1.2650264514923099e-05,3,2,500000
1117,1.0,1.2650264514923099e-05,4,2,500000
1118,1.0,1.2650264514923099e-05,4,2,500000
1119,1.0,1.2650264514923099e-05,5,2,500000
1120,1.0,1.2650264514923099e-05,1,2,500000
1121,1.0,1.2650264514923099e-05,2,2,500000
1122,1.0,1.2650264514923099e-05,2,2,500000
1123,1.0,1.2650264514923099e-05,3,2,500000
1124,1.0,1.2650264514923099e-05,2,2,500000
1125,1.0,1.2650264514923099e-05,3,2,500000
1126,1.0,1.2650264514923099e-05,3,2,500000
1127,1.0,1.2650264514923099e-05,4,2,500000
1128,1.0,1.2650264514923099e-05,2,2,500000
1129,1.0,1.2650264514923099e-05,3,2,500000
1130,1.0,1.2650264514923099e-05,3,2,500000
1131,1.0,1.2650264514923099e-05,4,2,500000
1132,1.0,1.2650264514923099e-05,3,2,500000
1133,1.0,1.2650264514923099e-05,4,2,500000
1134,1.0,1.2650264514923099e-05,4,2,500000
1135,1.0,1.2650264514923099e-05,5,2,500000
1136,1.0,1.2650264514923099e-05,2,2,500000
1137,1.0,1.2650264514923099e-05,3,2,500000
1138,1.0,1.2650264514923099e-05,3,2,500000
1139,1.0,1.2650264514923099e-05,4,2,500000
1140,1.0,1.2650264514923099e-05,3,2,500000
1141,1.0,1.2650264514923099e-05,4,2,500000
1142,1.0,1.2650264514923099e-05,4,2,500000
1143,1.0,1.2650264514923099e-05,5,2,500000
1144,1.0,1.2650264514923099e-05,3,2,500000
1145,1.0,1.2650264514923099e-05,4,2,500000
1146,1.0,1.2650264514923099e-05,4,2,500000
1147,1.0,1.2650264514923099e-05,5,2,500000
1148,1.0,1.2650264514923099e-05,4,2,500000
1149,1.0,1.2650264514923099e-05,5,2,500000
1150,1.0,1.2650264514923099e-05,5,2,500000
1151,1.0,1.2650264514923099e-05,6,2,500000
1152,0.0,7.813011611938478e-06,2,5,500000
1153,0.0,7.813011611938478e-06,1,5,500000
1154,0.0,7.813011611938478e-06,1,5,500000
1155,0.0,7.813011611938478e-06,4,5,500000
1156,0.0,7.813011611938478e-06,3,5,500000
1157,0.0,7.813011611938478e-06,4,5,500000
1158,0.0,7.813011611938478e-06,2,5,500000
1159,0.0,7.813011611938478e-06,5,5,500000
1160,0.0,7.813011611938478e-06,3,5,500000
1161,0.0,7.813011611938478e-06,2,5,500000
1162,0.0,7.813011611938478e-06,2,5,500000
1163,0.0,7.813011611938478e-06,3,5,500000
1164,0.0,7.813011611938478e-06,4,5,500000
1165,0.0,7.813011611938478e-06,3,5,500000
1166,0.0,7.813011611938478e-06,3,5,500000
1167,0.0,7.813011611938478e-06,4,5,500000
1168,0.0,7.813011611938478e-06,3,5,500000
1169,0.0,7.813011611938478e-06,2,5,500000
1170,0.0,7.813011611938478e-06,2,5,500000
1171,0.0,7.813011611938478e-06,1,5,500000
1172,0.0,7.813011611938478e-06,4,5,500000
1173,0.0,7.813011611938478e-06,3,5,500000
1174,0.0,7.813011611938478e-06,3,5,500000
1175,0.0,7.813011611938478e-06,2,5,500000
1176,0.0,7.813011611938478e-06,4,5,500000
1177,0.0,7.813011611938478e-06,1,5,500000
1178,0.0,7.813011611938478e-06,3,5,500000
1179,0.0,7.813011611938478e-06,2,5,500000
1180,0.0,7.813011611938478e-06,5,5,500000
1181,0.0,7.813011611938478e-06,4,5,500000
1182,0.0,7.813011611938478e-06,2,5,500000
1183,0.0,7.813011611938478e-06,3,5,500000
1184,0.0,7.813011611938478e-06,3,5,500000
1185,0.0,7.813011611938478e-06,2,5,500000
1186,0.0,7.813011611938478e-06,2,5,500000
1187,0.0,7.813011611938478e-06,5,5,500000
1188,0.0,7.813011611938478e-06,4,5,500000
1189,0.0,7.813011611938478e-06,5,5,500000
1190,0.0,7.813011611938478e-06,3,5,500000
1191,0.0,7.813011611938478e-06,6,5,500000
1192,0.0,7.813011611938478e-06,4,5,500000
1193,0.0,7.813011611938478e-06,3,5,500000
1194,0.0,7.813011611938478e-06,3,5,500000
1195,0.0,7.813011611938478e-06,4,5,500000
1196,0.0,7.813011611938478e-06,5,5,500000
1197,0.0,7.813011611938478e-06,4,5,500000
1198,0.0,7.813011611938478e-06,4,5,500000
1199,0.0,7.813011611938478e-06,3,5,500000
1200,0.0,7.813011611938478e-06,4,5,500000
1201,0.0,7.813011611938478e-06,3,5,500000
1202,0.0,7.813011611938478e-06,3,5,500000
1203,0.0,7.813011611938478e-06,2,5,500000
1204,0.0,7.813011611938478e-06,5,5,500000
1205,0.0,7.813011611938478e-06,4,5,500000
1206,0.0,7.813011611938478e-06,4,5,500000
1207,0.0,7.813011611938478e-06,5,5,500000
1208,0.0,7.813011611938478e-06,5,5,500000
1209,0.0,7.813011611938478e-06,2,5,500000
1210,0.0,7.813011611938478e-06,2,5,500000
1211,0.0,7.813011611938478e-06,3,5,500000
1212,0.0,7.813011611938478e-06,6,5,500000
1213,0.0,7.813011611938478e-06,5,5,500000
1214,0.0,7.813011611938478e-06,5,5,500000
1215,0.0,7.813011611938478e-06,4,5,500000
1216,0.2,7.813011611938478e-06,2,5,500000
1217,0.2,7.813011611938478e-06,1,5,500000
1218,0.2,7.813011611938478e-06,1,5,500000
1219,0.2,7.813011611938478e-06,0,5,500000
1220,0.2,7.813011611938478e-06,1,5,500000
1221,0.2,7.850264514923097e-06,0,5,500000
1222,0.2,7.813011611938478e-06,0,5,500000
1223,0.2,7.813011611938478e-06,1,5,500000
1224,0.2,7.813011611938478e-06,1,5,500000
1225,0.2,7.850264514923097e-06,0,5,500000
1226,0.2,7.850264514923097e-06,0,5,500000
1227,0.2,7.813011611938478e-06,1,5,500000
1228,0.2,7.813011611938478e-06,0,5,500000
1229,0.2,7.813011611938478e-06,1,5,500000
1230,0.2,7.813011611938478e-06,1,5,500000
1231,0.2,7.813011611938478e-06,2,5,500000
1232,0.2,7.813011611938478e-06,1,5,500000
1233,0.2,7.850264514923097e-06,0,5,500000
1234,0.2,7.850264514923097e-06,0,5,500000
1235,0.2,7.813011611938478e-06,1,5,500000
1236,0.2,7.850264514923097e-06,0,5,500000
1237,0.2,7.850264514923097e-06,1,5,500000
1238,0.2,7.813011611938478e-06,1,5,500000
1239,0.2,7.813011611938478e-06,2,5,500000
1240,0.2,7.813011611938478e-06,0,5,500000
1241,0.2,7.813011611938478e-06,1,5,500000
1242,0.2,7.813011611938478e-06,1,5,500000
1243,0.2,7.813011611938478e-06,2,5,500000
1244,0.2,7.813011611938478e-06,1,5,500000
1245,0.2,7.813011611938478e-06,2,5,500000
1246,0.2,7.813011611938478e-06,2,5,500000
1247,0.2,7.813011611938478e-06,3,5,500000
1248,0.2,7.813011611938478e-06,3,5,500000
1249,0.2,7.813011611938478e-06,2,5,500000
1250,0.2,7.813011611938478e-06,2,5,500000
1251,0.2,7.813011611938478e-06,1,5,500000
1252,0.2,7.813011611938478e-06,2,5,500000
1253,0.2,7.850264514923097e-06,1,5,500000
1254,0.2,7.813011611938478e-06,1,5,500000
1255,0.2,7.813011611938478e-06,2,5,500000
1256,0.2,7.813011611938478e-06,2,5,500000
1257,0.2,7.850264514923097e-06,1,5,500000
1258,0.2,7.850264514923097e-06,1,5,500000
1259,0.2,7.813011611938478e-06,2,5,500000
1260,0.2,7.813011611938478e-06,1,5,500000
1261,0.2,7.813011611938478e-06,2,5,500000
1262,0.2,7.813011611938478e-06,2,5,500000
1263,0.2,7.813011611938478e-06,3,5,500000
1264,0.2,7.813011611938478e-06,2,5,500000
1265,0.2,7.850264514923097e-06,1,5,500000
1266,0.2,7.850264514923097e-06,1,5,500000
1267,0.2,7.813011611938478e-06,2,5,500000
1268,0.2,7.850264514923097e-06,1,5,500000
1269,0.2,7.850264514923097e-06,2,5,500000
1270,0.2,7.813011611938478e-06,2,5,500000
1271,0.2,7.813011611938478e-06,3,5,500000
1272,0.2,7.813011611938478e-06,1,5,500000
1273,0.2,7.813011611938478e-06,2,5,500000
1274,0.2,7.813011611938478e-06,2,5,500000
1275,0.2,7.813011611938478e-06,3,5,500000
1276,0.2,7.813011611938478e-06,2,5,500000
1277,0.2,7.813011611938478e-06,3,5,500000
1278,0.2,7.813011611938478e-06,3,5,500000
1279,0.2,7.813011611938478e-06,4,5,500000
1280,0.4,1.2650264514923099e-05,0,5,500000
1281,0.4,1.0250264514923098e-05,0,5,500000
1282,0.4,1.0250264514923098e-05,0,5,500000
1283,0.4,7.813011611938478e-06,0,5,500000
1284,0.4,1.0250264514923098e-05,0,5,500000
1285,0.4,7.850264514923097e-06,0,5,500000
1286,0.4,7.813011611938478e-06,0,5,500000
1287,0.4,7.813011611938478e-06,1,5,500000
1288,0.4,1.0250264514923098e-05,0,5,500000
1289,0.4,7.850264514923097e-06,0,5,500000
1290,0.4,7.850264514923097e-06,0,5,500000
1291,0.4,7.813011611938478e-06,1,5,500000
1292,0.4,7.813011611938478e-06,0,5,500000
1293,0.4,7.813011611938478e-06,1,5,500000
1294,0.4,7.813011611938478e-06,1,5,500000
1295,0.4,7.813011611938478e-06,2,5,500000
1296,0.4,1.0250264514923098e-05,0,5,500000
1297,0.4,7.850264514923097e-06,0,5,500000
1298,0.4,7.850264514923097e-06,0,5,500000
1299,0.4,7.813011611938478e-06,1,5,500000
1300,0.4,7.850264514923097e-06,0,5,500000
1301,0.4,7.850264514923097e-06,1,5,500000
1302,0.4,7.813011611938478e-06,1,5,500000
1303,0.4,7.813011611938478e-06,2,5,500000
1304,0.4,7.813011611938478e-06,0,5,500000
1305,0.4,7.813011611938478e-06,1,5,500000
1306,0.4,7.813011611938478e-06,1,5,500000
1307,0.4,7.813011611938478e-06,2,5,500000
1308,0.4,7.813011611938478e-06,1,5,500000
1309,0.4,7.813011611938478e-06,2,5,500000
1310,0.4,7.813011611938478e-06,2,5,500000
1311,0.4,7.813011611938478e-06,3,5,500000
1312,0.4,1.2650264514923099e-05,1,5,500000
1313,0.4,1.0250264514923098e-05,1,5,500000
1314,0.4,1.0250264514923098e-05,1,5,500000
1315,0.4,7.813011611938478e-06,1,5,500000
1316,0.4,1.0250264514923098e-05,1,5,500000
1317,0.4,7.850264514923097e-06,1,5,500000
1318,0.4,7.813011611938478e-06,1,5,500000
1319,0.4,7.813011611938478e-06,2,5,500000
1320,0.4,1.0250264514923098e-05,1,5,500000
1321,0.4,7.850264514923097e-06,1,5,500000
1322,0.4,7.850264514923097e-06,1,5,500000
1323,0.4,7.813011611938478e-06,2,5,500000
1324,0.4,7.813011611938478e-06,1,5,500000
1325,0.4,7.813011611938478e-06,2,5,500000
1326,0.4,7.813011611938478e-06,2,5,500000
1327,0.4,7.813011611938478e-06,3,5,500000
1328,0.4,1.0250264514923098e-05,1,5,500000
1329,0.4,7.850264514923097e-06,1,5,500000
1330,0.4,7.850264514923097e-06,1,5,500000
1331,0.4,7.813011611938478e-06,2,5,500000
1332,0.4,7.850264514923097e-06,1,5,500000
1333,0.4,7.850264514923097e-06,2,5,500000
1334,0.4,7.813011611938478e-06,2,5,500000
1335,0.4,7.813011611938478e-06,3,5,500000
1336,0.4,7.813011611938478e-06,1,5,500000
1337,0.4,7.813011611938478e-06,2,5,500000
1338,0.4,7.813011611938478e-06,2,5,500000
1339,0.4,7.813011611938478e-06,3,5,500000
1340,0.4,7.813011611938478e-06,2,5,500000
1341,0.4,7.813011611938478e-06,3,5,500000
1342,0.4,7.813011611938478e-06,3,5,500000
1343,0.4,7.813011611938478e-06,4,5,500000
1344,0.6,1.2650264514923099e-05,0,5,500000
1345,0.6,1.0250264514923098e-05,0,5,500000
1346,0.6,1.0250264514923098e-05,0,5,500000
1347,0.6,7.813011611938478e-06,0,5,500000
1348,0.6,1.0250264514923098e-05,0,5,500000
1349,0.6,7.850264514923097e-06,0,5,500000
1350,0.6,7.813011611938478e-06,0,5,500000
1351,0.6,7.813011611938478e-06,1,5,500000
1352,0.6,1.0250264514923098e-05,0,5,500000
1353,0.6,7.850264514923097e-06,0,5,500000
1354,0.6,7.850264514923097e-06,0,5,500000
1355,0.6,7.813011611938478e-06,1,5,500000
1356,0.6,7.813011611938478e-06,0,5,500000
1357,0.6,7.813011611938478e-06,1,5,500000
1358,0.6,7.813011611938478e-06,1,5,500000
1359,0.6,7.813011611938478e-06,2,5,500000
1360,0.6,1.0250264514923098e-05,0,5,500000
1361,0.6,7.850264514923097e-06,0,5,500000
1362,0.6,7.850264514923097e-06,0,5,500000
1363,0.6,7.813011611938478e-06,1,5,500000
1364,0.6,7.850264514923097e-06,0,5,500000
1365,0.6,7.850264514923097e-06,1,5,500000
1366,0.6,7.813011611938478e-06,1,5,500000
1367,0.6,7.813011611938478e-06,2,5,500000
1368,0.6,7.813011611938478e-06,0,5,500000
1369,0.6,7.813011611938478e-06,1,5,500000
1370,0.6,7.813011611938478e-06,1,5,500000
1371,0.6,7.813011611938478e-06,2,5,500000
1372,0.6,7.813011611938478e-06,1,5,500000
1373,0.6,7.813011611938478e-06,2,5,500000
1374,0.6,7.813011611938478e-06,2,5,500000
1375,0.6,7.813011611938478e-06,3,5,500000
1376,0.6,1.2650264514923099e-05,1,5,500000
1377,0.6,1.0250264514923098e-05,1,5,500000
1378,0.6,1.0250264514923098e-05,1,5,500000
1379,0.6,7.813011611938478e-06,1,5,500000
1380,0.6,1.0250264514923098e-05,1,5,500000
1381,0.6,7.850264514923097e-06,1,5,500000
1382,0.6,7.813011611938478e-06,1,5,500000
1383,0.6,7.813011611938478e-06,2,5,500000
1384,0.6,1.0250264514923098e-05,1,5,500000
1385,0.6,7.850264514923097e-06,1,5,500000
1386,0.6,7.850264514923097e-06,1,5,500000
1387,0.6,7.813011611938478e-06,2,5,500000
1388,0.6,7.813011611938478e-06,1,5,500000
1389,0.6,7.813011611938478e-06,2,5,500000
1390,0.6,7.813011611938478e-06,2,5,500000
1391,0.6,7.813011611938478e-06,3,5,500000
1392,0.6,1.0250264514923098e-05,1,5,500000
1393,0.6,7.850264514923097e-06,1,5,500000
1394,0.6,7.850264514923097e-06,1,5,500000
1395,0.6,7.813011611938478e-06,2,5,500000
1396,0.6,7.850264514923097e-06,1,5,500000
1397,0.6,7.850264514923097e-06,2,5,500000
1398,0.6,7.813011611938478e-06,2,5,500000
1399,0.6,7.813011611938478e-06,3,5,500000
1400,0.6,7.813011611938478e-06,1,5,500000
1401,0.6,7.813011611938478e-06,2,5,500000
1402,0.6,7.813011611938478e-06,2,5,500000
1403,0.6,7.813011611938478e-06,3,5,500000
1404,0.6,7.813011611938478e-06,2,5,500000
1405,0.6,7.813011611938478e-06,3,5,500000
1406,0.6,7.813011611938478e-06,3,5,500000
1407,0.6,7.813011611938478e-06,4,5,500000
1408,0.8,1.2650264514923099e-05,0,5,500000
1409,0.8,1.0250264514923098e-05,0,5,500000
1410,0.8,1.0250264514923098e-05,0,5,500000
1411,0.8,7.813011611938478e-06,0,5,500000
1412,0.8,1.0250264514923098e-05,0,5,500000
1413,0.8,7.850264514923097e-06,0,5,500000
1414,0.8,7.813011611938478e-06,0,5,500000
1415,0.8,7.813011611938478e-06,1,5,500000
1416,0.8,1.0250264514923098e-05,0,5,500000
1417,0.8,7.850264514923097e-06,0,5,500000
1418,0.8,7.850264514923097e-06,0,5,500000
1419,0.8,7.813011611938478e-06,1,5,500000
1420,0.8,7.813011611938478e-06,0,5,500000
1421,0.8,7.813011611938478e-06,1,5,500000
1422,0.8,7.813011611938478e-06,1,5,500000
1423,0.8,7.813011611938478e-06,2,5,500000
1424,0.8,1.0250264514923098e-05,0,5,500000
1425,0.8,7.850264514923097e-06,0,5,500000
1426,0.8,7.850264514923097e-06,0,5,500000
1427,0.8,7.813011611938478e-06,1,5,500000
1428,0.8,7.850264514923097e-06,0,5,500000
1429,0.8,7.850264514923097e-06,1,5,500000
1430,0.8,7.813011611938478e-06,1,5,500000
1431,0.8,7.813011611938478e-06,2,5,500000
1432,0.8,7.813011611938478e-06,0,5,500000
1433,0.8,7.813011611938478e-06,1,5,500000
1434,0.8,7.813011611938478e-06,1,5,500000
1435,0.8,7.813011611938478e-06,2,5,500000
1436,0.8,7.813011611938478e-06,1,5,500000
1437,0.8,7.813011611938478e-06,2,5,500000
1438,0.8,7.813011611938478e-06,2,5,500000
1439,0.8,7.813011611938478e-06,3,5,500000
1440,0.8,1.2650264514923099e-05,1,5,500000
1441,0.8,1.0250264514923098e-05,1,5,500000
1442,0.8,1.0250264514923098e-05,1,5,500000
1443,0.8,7.813011611938478e-06,1,5,500000
1444,0.8,1.0250264514923098e-05,1,5,500000
1445,0.8,7.850264514923097e-06,1,5,500000
1446,0.8,7.813011611938478e-06,1,5,500000
1447,0.8,7.813011611938478e-06,2,5,500000
1448,0.8,1.0250264514923098e-05,1,5,500000
1449,0.8,7.850264514923097e-06,1,5,500000
1450,0.8,7.850264514923097e-06,1,5,500000
1451,0.8,7.813011611938478e-06,2,5,500000
1452,0.8,7.813011611938478e-06,1,5,500000
1453,0.8,7.813011611938478e-06,2,5,500000
1454,0.8,7.813011611938478e-06,2,5,500000
1455,0.8,7.813011611938478e-06,3,5,500000
1456,0.8,1.0250264514923098e-05,1,5,500000
1457,0.8,7.850264514923097e-06,1,5,500000
1458,0.8,7.850264514923097e-06,1,5,500000
1459,0.8,7.813011611938478e-06,2,5,500000
1460,0.8,7.850264514923097e-06,1,5,500000
1461,0.8,7.850264514923097e-06,2,5,500000
1462,0.8,7.813011611938478e-06,2,5,500000
1463,0.8,7.813011611938478e-06,3,5,500000
1464,0.8,7.813011611938478e-06,1,5,500000
1465,0.8,7.813011611938478e-06,2,5,500000
1466,0.8,7.813011611938478e-06,2,5,500000
1467,0.8,7.813011611938478e-06,3,5,500000
1468,0.8,7.813011611938478e-06,2,5,500000
1469,0.8,7.813011611938478e-06,3,5,500000
1470,0.8,7.813011611938478e-06,3,5,500000
1471,0.8,7.813011611938478e-06,4,5,500000
1472,1.0,1.2650264514923099e-05,0,5,500000
1473,1.0,1.0250264514923098e-05,0,5,500000
1474,1.0,1.0250264514923098e-05,0,5,500000
1475,1.0,7.813011611938478e-06,0,5,500000
1476,1.0,1.0250264514923098e-05,0,5,500000
1477,1.0,7.850264514923097e-06,0,5,500000
1478,1.0,7.813011611938478e-06,0,5,500000
1479,1.0,7.813011611938478e-06,1,5,500000
1480,1.0,1.0250264514923098e-05,0,5,500000
1481,1.0,7.850264514923097e-06,0,5,500000
1482,1.0,7.850264514923097e-06,0,5,500000
1483,1.0,7.850264514923097e-06,1,5,500000
1484,1.0,7.813011611938478e-06,0,5,500000
1485,1.0,7.850264514923097e-06,1,5,500000
1486,1.0,7.813011611938478e-06,1,5,500000
1487,1.0,7.850264514923097e-06,2,5,500000
1488,1.0,1.0250264514923098e-05,0,5,500000
1489,1.0,7.850264514923097e-06,0,5,500000
1490,1.0,7.850264514923097e-06,0,5,500000
1491,1.0,7.813011611938478e-06,1,5,500000
1492,1.0,7.850264514923097e-06,0,5,500000
1493,1.0,7.850264514923097e-06,1,5,500000
1494,1.0,7.850264514923097e-06,1,5,500000
1495,1.0,7.850264514923097e-06,2,5,500000
1496,1.0,7.813011611938478e-06,0,5,500000
1497,1.0,7.813011611938478e-06,1,5,500000
1498,1.0,7.813011611938478e-06,1,5,500000
1499,1.0,7.813011611938478e-06,2,5,500000
1500,1.0,7.813011611938478e-06,1,5,500000
1501,1.0,7.850264514923097e-06,2,5,500000
1502,1.0,7.813011611938478e-06,2,5,500000
1503,1.0,7.813011611938478e-06,3,5,500000
1504,1.0,1.2650264514923099e-05,1,5,500000
1505,1.0,1.0250264514923098e-05,1,5,500000
1506,1.0,1.0250264514923098e-05,1,5,500000
1507,1.0,7.813011611938478e-06,1,5,500000
1508,1.0,1.0250264514923098e-05,1,5,500000
1509,1.0,7.850264514923097e-06,1,5,500000
1510,1.0,7.813011611938478e-06,1,5,500000
1511,1.0,7.813011611938478e-06,2,5,500000
1512,1.0,1.0250264514923098e-05,1,5,500000
1513,1.0,7.850264514923097e-06,1,5,500000
1514,1.0,7.850264514923097e-06,1,5,500000
1515,1.0,7.850264514923097e-06,2,5,500000
1516,1.0,7.813011611938478e-06,1,5,500000
1517,1.0,7.850264514923097e-06,2,5,500000
1518,1.0,7.813011611938478e-06,2,5,500000
1519,1.0,7.850264514923097e-06,3,5,500000
1520,1.0,1.0250264514923098e-05,1,5,500000
1521,1.0,7.850264514923097e-06,1,5,500000
1522,1.0,7.850264514923097e-06,1,5,500000
1523,1.0,7.813011611938478e-06,2,5,500000
1524,1.0,7.850264514923097e-06,1,5,500000
1525,1.0,7.850264514923097e-06,2,5,500000
1526,1.0,7.813011611938478e-06,2,5,500000
1527,1.0,7.813011611938478e-06,3,5,500000
1528,1.0,7.813011611938478e-06,1,5,500000
1529,1.0,7.813011611938478e-06,2,5,500000
1530,1.0,7.850264514923097e-06,2,5,500000
1531,1.0,7.813011611938478e-06,3,5,500000
1532,1.0,7.813011611938478e-06,2,5,500000
1533,1.0,7.850264514923097e-06,3,5,500000
1534,1.0,7.813011611938478e-06,3,5,500000
1535,1.0,7.813011611938478e-06,4,5,500000
1536,0.0,5.375758708953858e-06,3,8,500000
1537,0.0,5.375758708953858e-06,2,8,500000
1538,0.0,5.375758708953858e-06,2,8,500000
1539,0.0,5.375758708953858e-06,1,8,500000
1540,0.0,5.375758708953858e-06,2,8,500000
1541,0.0,5.375758708953858e-06,1,8,500000
1542,0.0,5.375758708953858e-06,3,8,500000
1543,0.0,5.375758708953858e-06,0,8,500000
1544,0.0,5.375758708953858e-06,4,8,500000
1545,0.0,5.375758708953858e-06,3,8,500000
1546,0.0,5.375758708953858e-06,3,8,500000
1547,0.0,5.375758708953858e-06,2,8,500000
1548,0.0,5.375758708953858e-06,1,8,500000
1549,0.0,5.375758708953858e-06,2,8,500000
1550,0.0,5.375758708953858e-06,2,8,500000
1551,0.0,5.375758708953858e-06,1,8,500000
1552,0.0,5.375758708953858e-06,4,8,500000
1553,0.0,5.375758708953858e-06,3,8,500000
1554,0.0,5.375758708953858e-06,3,8,500000
1555,0.0,5.375758708953858e-06,2,8,500000
1556,0.0,5.375758708953858e-06,1,8,500000
1557,0.0,5.375758708953858e-06,2,8,500000
1558,0.0,5.375758708953858e-06,2,8,500000
1559,0.0,5.375758708953858e-06,1,8,500000
1560,0.0,5.375758708953858e-06,5,8,500000
1561,0.0,5.375758708953858e-06,4,8,500000
1562,0.0,5.375758708953858e-06,4,8,500000
1563,0.0,5.375758708953858e-06,3,8,500000
1564,0.0,5.375758708953858e-06,2,8,500000
1565,0.0,5.375758708953858e-06,3,8,500000
1566,0.0,5.375758708953858e-06,3,8,500000
1567,0.0,5.375758708953858e-06,2,8,500000
1568,0.0,5.375758708953858e-06,4,8,500000
1569,0.0,5.375758708953858e-06,3,8,500000
1570,0.0,5.375758708953858e-06,3,8,500000
1571,0.0,5.375758708953858e-06,2,8,500000
1572,0.0,5.375758708953858e-06,3,8,500000
1573,0.0,5.375758708953858e-06,2,8,500000
1574,0.0,5.375758708953858e-06,2,8,500000
1575,0.0,5.375758708953858e-06,1,8,500000
1576,0.0,5.375758708953858e-06,5,8,500000
1577,0.0,5.375758708953858e-06,4,8,500000
1578,0.0,5.375758708953858e-06,4,8,500000
1579,0.0,5.375758708953858e-06,3,8,500000
1580,0.0,5.375758708953858e-06,4,8,500000
1581,0.0,5.375758708953858e-06,3,8,500000
1582,0.0,5.375758708953858e-06,3,8,500000
1583,0.0,5.375758708953858e-06,4,8,500000
1584,0.0,5.375758708953858e-06,5,8,500000
1585,0.0,5.375758708953858e-06,4,8,500000
1586,0.0,5.375758708953858e-06,4,8,500000
1587,0.0,5.375758708953858e-06,3,8,500000
1588,0.0,5.375758708953858e-06,4,8,500000
1589,0.0,5.375758708953858e-06,3,8,500000
1590,0.0,5.375758708953858e-06,3,8,500000
1591,0.0,5.375758708953858e-06,2,8,500000
1592,0.0,5.375758708953858e-06,6,8,500000
1593,0.0,5.375758708953858e-06,5,8,500000
1594,0.0,5.375758708953858e-06,5,8,500000
1595,0.0,5.375758708953858e-06,4,8,500000
1596,0.0,5.375758708953858e-06,5,8,500000
1597,0.0,5.375758708953858e-06,4,8,500000
1598,0.0,5.375758708953858e-06,2,8,500000
1599,0.0,5.375758708953858e-06,3,8,500000
1600,0.2,5.375758708953858e-06,3,8,500000
1601,0.2,5.375758708953858e-06,2,8,500000
1602,0.2,5.375758708953858e-06,2,8,500000
1603,0.2,5.375758708953858e-06,1,8,500000
1604,0.2,5.375758708953858e-06,2,8,500000
1605,0.2,5.375758708953858e-06,1,8,500000
1606,0.2,5.375758708953858e-06,1,8,500000
1607,0.2,5.375758708953858e-06,0,8,500000
1608,0.2,5.375758708953858e-06,2,8,500000
1609,0.2,5.413011611938477e-06,1,8,500000
1610,0.2,5.375758708953858e-06,1,8,500000
1611,0.2,5.413011611938477e-06,0,8,500000
1612,0.2,5.375758708953858e-06,1,8,500000
1613,0.2,5.413011611938477e-06,0,8,500000
1614,0.2,5.375758708953858e-06,0,8,500000
1615,0.2,5.375758708953858e-06,1,8,500000
1616,0.2,5.375758708953858e-06,2,8,500000
1617,0.2,5.413011611938477e-06,1,8,500000
1618,0.2,5.413011611938477e-06,1,8,500000
1619,0.2,5.413011611938477e-06,0,8,500000
1620,0.2,5.375758708953858e-06,1,8,500000
1621,0.2,5.4502645149230965e-06,0,8,500000
1622,0.2,5.413011611938477e-06,0,8,500000
1623,0.2,5.375758708953858e-06,1,8,500000
1624,0.2,5.375758708953858e-06,1,8,500000
1625,0.2,5.413011611938477e-06,0,8,500000
1626,0.2,5.413011611938477e-06,0,8,500000
1627,0.2,5.413011611938477e-06,1,8,500000
1628,0.2,5.375758708953858e-06,0,8,500000
1629,0.2,5.375758708953858e-06,1,8,500000
1630,0.2,5.375758708953858e-06,1,8,500000
1631,0.2,5.375758708953858e-06,2,8,500000
1632,0.2,5.375758708953858e-06,4,8,500000
1633,0.2,5.375758708953858e-06,3,8,500000
1634,0.2,5.375758708953858e-06,3,8,500000
1635,0.2,5.375758708953858e-06,2,8,500000
1636,0.2,5.375758708953858e-06,3,8,500000
1637,0.2,5.375758708953858e-06,2,8,500000
1638,0.2,5.375758708953858e-06,2,8,500000
1639,0.2,5.375758708953858e-06,1,8,500000
1640,0.2,5.375758708953858e-06,3,8,500000
1641,0.2,5.413011611938477e-06,2,8,500000
1642,0.2,5.375758708953858e-06,2,8,500000
1643,0.2,5.413011611938477e-06,1,8,500000
1644,0.2,5.375758708953858e-06,2,8,500000
1645,0.2,5.413011611938477e-06,1,8,500000
1646,0.2,5.375758708953858e-06,1,8,500000
1647,0.2,5.375758708953858e-06,2,8,500000
1648,0.2,5.375758708953858e-06,3,8,500000
1649,0.2,5.413011611938477e-06,2,8,500000
1650,0.2,5.413011611938477e-06,2,8,500000
1651,0.2,5.413011611938477e-06,1,8,500000
1652,0.2,5.375758708953858e-06,2,8,500000
1653,0.2,5.4502645149230965e-06,1,8,500000
1654,0.2,5.413011611938477e-06,1,8,500000
1655,0.2,5.375758708953858e-06,2,8,500000
1656,0.2,5.375758708953858e-06,2,8,500000
1657,0.2,5.413011611938477e-06,1,8,500000
1658,0.2,5.413011611938477e-06,1,8,500000
1659,0.2,5.413011611938477e-06,2,8,500000
1660,0.2,5.375758708953858e-06,1,8,500000
1661,0.2,5.375758708953858e-06,2,8,500000
1662,0.2,5.375758708953858e-06,2,8,500000
1663,0.2,5.375758708953858e-06,3,8,500000
1664,0.4,1.0250264514923098e-05,1,8,500000
1665,0.4,7.813011611938478e-06,1,8,500000
1666,0.4,1.0250264514923098e-05,0,8,500000
1667,0.4,7.813011611938478e-06,0,8,500000
1668,0.4,1.0250264514923098e-05,0,8,500000
1669,0.4,7.850264514923097e-06,0,8,500000
1670,0.4,7.813011611938478e-06,0,8,500000
1671,0.4,5.375758708953858e-06,0,8,500000
1672,0.4,7.813011611938478e-06,1,8,500000
1673,0.4,7.850264514923097e-06,0,8,500000
1674,0.4,7.850264514923097e-06,0,8,500000
1675,0.4,5.413011611938477e-06,0,8,500000
1676,0.4,7.813011611938478e-06,0,8,500000
1677,0.4,5.413011611938477e-06,0,8,500000
1678,0.4,5.375758708953858e-06,0,8,500000
1679,0.4,5.375758708953858e-06,1,8,500000
1680,0.4,1.0250264514923098e-05,0,8,500000
1681,0.4,7.850264514923097e-06,0,8,500000
1682,0.4,7.850264514923097e-06,0,8,500000
1683,0.4,5.413011611938477e-06,0,8,500000
1684,0.4,7.850264514923097e-06,0,8,500000
1685,0.4,5.4502645149230965e-06,0,8,500000
1686,0.4,5.413011611938477e-06,0,8,500000
1687,0.4,5.375758708953858e-06,1,8,500000
1688,0.4,7.813011611938478e-06,0,8,500000
1689,0.4,5.413011611938477e-06,0,8,500000
1690,0.4,5.413011611938477e-06,0,8,500000
1691,0.4,5.413011611938477e-06,1,8,500000
1692,0.4,5.375758708953858e-06,0,8,500000
1693,0.4,5.375758708953858e-06,1,8,500000
1694,0.4,5.375758708953858e-06,1,8,500000
1695,0.4,5.375758708953858e-06,2,8,500000
1696,0.4,1.0250264514923098e-05,2,8,500000
1697,0.4,7.813011611938478e-06,2,8,500000
1698,0.4,1.0250264514923098e-05,1,8,500000
1699,0.4,7.813011611938478e-06,1,8,500000
1700,0.4,1.0250264514923098e-05,1,8,500000
1701,0.4,7.850264514923097e-06,1,8,500000
1702,0.4,7.813011611938478e-06,1,8,500000
1703,0.4,5.375758708953858e-06,1,8,500000
1704,0.4,7.813011611938478e-06,2,8,500000
1705,0.4,7.850264514923097e-06,1,8,500000
1706,0.4,7.850264514923097e-06,1,8,500000
1707,0.4,5.413011611938477e-06,1,8,500000
1708,0.4,7.813011611938478e-06,1,8,500000
1709,0.4,5.413011611938477e-06,1,8,500000
1710,0.4,5.375758708953858e-06,1,8,500000
1711,0.4,5.375758708953858e-06,2,8,500000
1712,0.4,1.0250264514923098e-05,1,8,500000
1713,0.4,7.850264514923097e-06,1,8,500000
1714,0.4,7.850264514923097e-06,1,8,500000
1715,0.4,5.413011611938477e-06,1,8,500000
1716,0.4,7.850264514923097e-06,1,8,500000
1717,0.4,5.4502645149230965e-06,1,8,500000
1718,0.4,5.413011611938477e-06,1,8,500000
1719,0.4,5.375758708953858e-06,2,8,500000
1720,0.4,7.813011611938478e-06,1,8,500000
1721,0.4,5.413011611938477e-06,1,8,500000
1722,0.4,5.413011611938477e-06,1,8,500000
1723,0.4,5.413011611938477e-06,2,8,500000
1724,0.4,5.375758708953858e-06,1,8,500000
1725,0.4,5.375758708953858e-06,2,8,500000
1726,0.4,5.375758708953858e-06,2,8,500000
1727,0.4,5.375758708953858e-06,3,8,500000
1728,0.6,1.2650264514923099e-05,0,8,500000
1729,0.6,7.813011611938478e-06,1,8,500000
1730,0.6,1.0250264514923098e-05,0,8,500000
1731,0.6,7.813011611938478e-06,0,8,500000
1732,0.6,1.0250264514923098e-05,0,8,500000
1733,0.6,7.850264514923097e-06,0,8,500000
1734,0.6,7.813011611938478e-06,0,8,500000
1735,0.6,5.375758708953858e-06,0,8,500000
1736,0.6,1.0250264514923098e-05,0,8,500000
1737,0.6,7.850264514923097e-06,0,8,500000
1738,0.6,7.850264514923097e-06,0,8,500000
1739,0.6,5.413011611938477e-06,0,8,500000
1740,0.6,7.813011611938478e-06,0,8,500000
1741,0.6,5.413011611938477e-06,0,8,500000
1742,0.6,5.375758708953858e-06,0,8,500000
1743,0.6,5.375758708953858e-06,1,8,500000
1744,0.6,1.0250264514923098e-05,0,8,500000
1745,0.6,7.850264514923097e-06,0,8,500000
1746,0.6,7.850264514923097e-06,0,8,500000
1747,0.6,5.413011611938477e-06,0,8,500000
1748,0.6,7.850264514923097e-06,0,8,500000
1749,0.6,5.4502645149230965e-06,0,8,500000
1750,0.6,5.413011611938477e-06,0,8,500000
1751,0.6,5.375758708953858e-06,1,8,500000
1752,0.6,7.813011611938478e-06,0,8,500000
1753,0.6,5.413011611938477e-06,0,8,500000
1754,0.6,5.413011611938477e-06,0,8,500000
1755,0.6,5.413011611938477e-06,1,8,500000
1756,0.6,5.375758708953858e-06,0,8,500000
1757,0.6,5.375758708953858e-06,1,8,500000
1758,0.6,5.375758708953858e-06,1,8,500000
1759,0.6,5.375758708953858e-06,2,8,500000
1760,0.6,1.2650264514923099e-05,1,8,500000
1761,0.6,7.813011611938478e-06,2,8,500000
1762,0.6,1.0250264514923098e-05,1,8,500000
1763,0.6,7.813011611938478e-06,1,8,500000
1764,0.6,1.0250264514923098e-05,1,8,500000
1765,0.6,7.850264514923097e-06,1,8,500000
1766,0.6,7.813011611938478e-06,1,8,500000
1767,0.6,5.375758708953858e-06,1,8,500000
1768,0.6,1.0250264514923098e-05,1,8,500000
1769,0.6,7.850264514923097e-06,1,8,500000
1770,0.6,7.850264514923097e-06,1,8,500000
1771,0.6,5.413011611938477e-06,1,8,500000
1772,0.6,7.813011611938478e-06,1,8,500000
1773,0.6,5.413011611938477e-06,1,8,500000
1774,0.6,5.375758708953858e-06,1,8,500000
1775,0.6,5.375758708953858e-06,2,8,500000
1776,0.6,1.0250264514923098e-05,1,8,500000
1777,0.6,7.850264514923097e-06,1,8,500000
1778,0.6,7.850264514923097e-06,1,8,500000
1779,0.6,5.413011611938477e-06,1,8,500000
1780,0.6,7.850264514923097e-06,1,8,500000
1781,0.6,5.4502645149230965e-06,1,8,500000
1782,0.6,5.413011611938477e-06,1,8,500000
1783,0.6,5.375758708953858e-06,2,8,500000
1784,0.6,7.813011611938478e-06,1,8,500000
1785,0.6,5.413011611938477e-06,1,8,500000
1786,0.6,5.413011611938477e-06,1,8,500000
1787,0.6,5.413011611938477e-06,2,8,500000
1788,0.6,5.375758708953858e-06,1,8,500000
1789,0.6,5.375758708953858e-06,2,8,500000
1790,0.6,5.375758708953858e-06,2,8,500000
1791,0.6,5.375758708953858e-06,3,8,500000
1792,0.8,1.2650264514923099e-05,0,8,500000
1793,0.8,7.813011611938478e-06,1,8,500000
1794,0.8,1.0250264514923098e-05,0,8,500000
1795,0.8,7.813011611938478e-06,0,8,500000
1796,0.8,1.0250264514923098e-05,0,8,500000
1797,0.8,7.850264514923097e-06,0,8,500000
1798,0.8,7.813011611938478e-06,0,8,500000
1799,0.8,5.375758708953858e-06,0,8,500000
1800,0.8,1.0250264514923098e-05,0,8,500000
1801,0.8,7.850264514923097e-06,0,8,500000
1802,0.8,7.850264514923097e-06,0,8,500000
1803,0.8,5.413011611938477e-06,0,8,500000
1804,0.8,7.813011611938478e-06,0,8,500000
1805,0.8,5.413011611938477e-06,0,8,500000
1806,0.8,5.375758708953858e-06,0,8,500000
1807,0.8,5.375758708953858e-06,1,8,500000
1808,0.8,7.850264514923097e-06,1,8,500000
1809,0.8,7.850264514923097e-06,0,8,500000
1810,0.8,7.850264514923097e-06,0,8,500000
1811,0.8,5.413011611938477e-06,0,8,500000
1812,0.8,7.850264514923097e-06,0,8,500000
1813,0.8,5.4502645149230965e-06,0,8,500000
1814,0.8,5.413011611938477e-06,0,8,500000
1815,0.8,5.375758708953858e-06,1,8,500000
1816,0.8,7.813011611938478e-06,0,8,500000
1817,0.8,5.413011611938477e-06,0,8,500000
1818,0.8,5.413011611938477e-06,0,8,500000
1819,0.8,5.413011611938477e-06,1,8,500000
1820,0.8,5.375758708953858e-06,0,8,500000
1821,0.8,5.375758708953858e-06,1,8,500000
1822,0.8,5.375758708953858e-06,1,8,500000
1823,0.8,5.375758708953858e-06,2,8,500000
1824,0.8,1.2650264514923099e-05,1,8,500000
1825,0.8,7.813011611938478e-06,2,8,500000
1826,0.8,1.0250264514923098e-05,1,8,500000
1827,0.8,7.813011611938478e-06,1,8,500000
1828,0.8,1.0250264514923098e-05,1,8,500000
1829,0.8,7.850264514923097e-06,1,8,500000
1830,0.8,7.813011611938478e-06,1,8,500000
1831,0.8,5.375758708953858e-06,1,8,500000
1832,0.8,1.0250264514923098e-05,1,8,500000
1833,0.8,7.850264514923097e-06,1,8,500000
1834,0.8,7.850264514923097e-06,1,8,500000
1835,0.8,5.413011611938477e-06,1,8,500000
1836,0.8,7.813011611938478e-06,1,8,500000
1837,0.8,5.413011611938477e-06,1,8,500000
1838,0.8,5.375758708953858e-06,1,8,500000
1839,0.8,5.375758708953858e-06,2,8,500000
1840,0.8,7.850264514923097e-06,2,8,500000
1841,0.8,7.850264514923097e-06,1,8,500000
1842,0.8,7.850264514923097e-06,1,8,500000
1843,0.8,5.413011611938477e-06,1,8,500000
1844,0.8,7.850264514923097e-06,1,8,500000
1845,0.8,5.4502645149230965e-06,1,8,500000
1846,0.8,5.413011611938477e-06,1,8,500000
1847,0.8,5.375758708953858e-06,2,8,500000
1848,0.8,7.813011611938478e-06,1,8,500000
1849,0.8,5.413011611938477e-06,1,8,500000
1850,0.8,5.413011611938477e-06,1,8,500000
1851,0.8,5.413011611938477e-06,2,8,500000
1852,0.8,5.375758708953858e-06,1,8,500000
1853,0.8,5.375758708953858e-06,2,8,500000
1854,0.8,5.375758708953858e-06,2,8,500000
1855,0.8,5.375758708953858e-06,3,8,500000
1856,1.0,1.2650264514923099e-05,0,8,500000
1857,1.0,7.813011611938478e-06,1,8,500000
1858,1.0,1.0250264514923098e-05,0,8,500000
1859,1.0,7.813011611938478e-06,0,8,500000
1860,1.0,1.0250264514923098e-05,0,8,500000
1861,1.0,7.850264514923097e-06,0,8,500000
1862,1.0,7.813011611938478e-06,0,8,500000
1863,1.0,5.375758708953858e-06,0,8,500000
1864,1.0,1.0250264514923098e-05,0,8,500000
1865,1.0,7.850264514923097e-06,0,8,500000
1866,1.0,7.850264514923097e-06,0,8,500000
1867,1.0,5.413011611938477e-06,0,8,500000
1868,1.0,7.813011611938478e-06,0,8,500000
1869,1.0,5.413011611938477e-06,0,8,500000
1870,1.0,5.375758708953858e-06,0,8,500000
1871,1.0,5.375758708953858e-06,1,8,500000
1872,1.0,1.0250264514923098e-05,0,8,500000
1873,1.0,7.850264514923097e-06,0,8,500000
1874,1.0,7.850264514923097e-06,0,8,500000
1875,1.0,5.413011611938477e-06,0,8,500000
1876,1.0,7.850264514923097e-06,0,8,500000
1877,1.0,5.4502645149230965e-06,0,8,500000
1878,1.0,5.413011611938477e-06,0,8,500000
1879,1.0,5.375758708953858e-06,1,8,500000
1880,1.0,7.813011611938478e-06,0,8,500000
1881,1.0,5.413011611938477e-06,0,8,500000
1882,1.0,5.413011611938477e-06,0,8,500000
1883,1.0,5.413011611938477e-06,1,8,500000
1884,1.0,5.375758708953858e-06,0,8,500000
1885,1.0,5.375758708953858e-06,1,8,500000
1886,1.0,5.375758708953858e-06,1,8,500000
1887,1.0,5.375758708953858e-06,2,8,500000
1888,1.0,1.2650264514923099e-05,1,8,500000
1889,1.0,7.813011611938478e-06,2,8,500000
1890,1.0,1.0250264514923098e-05,1,8,500000
1891,1.0,7.813011611938478e-06,1,8,500000
1892,1.0,1.0250264514923098e-05,1,8,500000
1893,1.0,7.850264514923097e-06,1,8,500000
1894,1.0,7.813011611938478e-06,1,8,500000
1895,1.0,5.375758708953858e-06,1,8,500000
1896,1.0,1.0250264514923098e-05,1,8,500000
1897,1.0,7.850264514923097e-06,1,8,500000
1898,1.0,7.850264514923097e-06,1,8,500000
1899,1.0,5.413011611938477e-06,1,8,500000
1900,1.0,7.813011611938478e-06,1,8,500000
1901,1.0,5.413011611938477e-06,1,8,500000
1902,1.0,5.375758708953858e-06,1,8,500000
1903,1.0,5.375758708953858e-06,2,8,500000
1904,1.0,1.0250264514923098e-05,1,8,500000
1905,1.0,7.850264514923097e-06,1,8,500000
1906,1.0,7.850264514923097e-06,1,8,500000
1907,1.0,5.413011611938477e-06,1,8,500000
1908,1.0,7.850264514923097e-06,1,8,500000
1909,1.0,5.4502645149230965e-06,1,8,500000
1910,1.0,5.413011611938477e-06,1,8,500000
1911,1.0,5.413011611938477e-06,2,8,500000
1912,1.0,7.813011611938478e-06,1,8,500000
1913,1.0,5.413011611938477e-06,1,8,500000
1914,1.0,5.413011611938477e-06,1,8,500000
1915,1.0,5.413011611938477e-06,2,8,500000
1916,1.0,5.375758708953858e-06,1,8,500000
1917,1.0,5.375758708953858e-06,2,8,500000
1918,1.0,5.375758708953858e-06,2,8,500000
1919,1.0,5.375758708953858e-06,3,8,500000
