,Alpha,Cost,ColdStarts,initialDecision,initialDecisionIndex
0,0.0,5.012529029846192e-07,5,"[0, 0, 0, 0, 0, 0]",0
1,0.0,5.012529029846192e-07,4,"[0, 0, 0, 0, 0, 1]",1
2,0.0,5.012529029846192e-07,4,"[0, 0, 0, 0, 1, 0]",2
3,0.0,5.012529029846192e-07,3,"[0, 0, 0, 0, 1, 1]",3
4,0.0,5.012529029846192e-07,4,"[0, 0, 0, 1, 0, 0]",4
5,0.0,5.012529029846192e-07,3,"[0, 0, 0, 1, 0, 1]",5
6,0.0,5.012529029846192e-07,3,"[0, 0, 0, 1, 1, 0]",6
7,0.0,5.012529029846192e-07,2,"[0, 0, 0, 1, 1, 1]",7
8,0.0,5.012529029846192e-07,4,"[0, 0, 1, 0, 0, 0]",8
9,0.0,5.012529029846192e-07,3,"[0, 0, 1, 0, 0, 1]",9
10,0.0,5.012529029846192e-07,3,"[0, 0, 1, 0, 1, 0]",10
11,0.0,5.012529029846192e-07,2,"[0, 0, 1, 0, 1, 1]",11
12,0.0,5.012529029846192e-07,3,"[0, 0, 1, 1, 0, 0]",12
13,0.0,5.012529029846192e-07,2,"[0, 0, 1, 1, 0, 1]",13
14,0.0,5.012529029846192e-07,2,"[0, 0, 1, 1, 1, 0]",14
15,0.0,5.012529029846192e-07,1,"[0, 0, 1, 1, 1, 1]",15
16,0.0,5.012529029846192e-07,4,"[0, 1, 0, 0, 0, 0]",16
17,0.0,5.012529029846192e-07,3,"[0, 1, 0, 0, 0, 1]",17
18,0.0,5.012529029846192e-07,3,"[0, 1, 0, 0, 1, 0]",18
19,0.0,5.012529029846192e-07,2,"[0, 1, 0, 0, 1, 1]",19
20,0.0,5.012529029846192e-07,3,"[0, 1, 0, 1, 0, 0]",20
21,0.0,5.012529029846192e-07,2,"[0, 1, 0, 1, 0, 1]",21
22,0.0,5.012529029846192e-07,2,"[0, 1, 0, 1, 1, 0]",22
23,0.0,5.012529029846192e-07,1,"[0, 1, 0, 1, 1, 1]",23
24,0.0,5.012529029846192e-07,3,"[0, 1, 1, 0, 0, 0]",24
25,0.0,5.012529029846192e-07,2,"[0, 1, 1, 0, 0, 1]",25
26,0.0,5.012529029846192e-07,2,"[0, 1, 1, 0, 1, 0]",26
27,0.0,5.012529029846192e-07,1,"[0, 1, 1, 0, 1, 1]",27
28,0.0,5.012529029846192e-07,2,"[0, 1, 1, 1, 0, 0]",28
29,0.0,5.012529029846192e-07,1,"[0, 1, 1, 1, 0, 1]",29
30,0.0,5.012529029846192e-07,1,"[0, 1, 1, 1, 1, 0]",30
31,0.0,5.012529029846192e-07,0,"[0, 1, 1, 1, 1, 1]",31
32,0.0,5.012529029846192e-07,6,"[1, 0, 0, 0, 0, 0]",32
33,0.0,5.012529029846192e-07,5,"[1, 0, 0, 0, 0, 1]",33
34,0.0,5.012529029846192e-07,5,"[1, 0, 0, 0, 1, 0]",34
35,0.0,5.012529029846192e-07,4,"[1, 0, 0, 0, 1, 1]",35
36,0.0,5.012529029846192e-07,5,"[1, 0, 0, 1, 0, 0]",36
37,0.0,5.012529029846192e-07,4,"[1, 0, 0, 1, 0, 1]",37
38,0.0,5.012529029846192e-07,4,"[1, 0, 0, 1, 1, 0]",38
39,0.0,5.012529029846192e-07,3,"[1, 0, 0, 1, 1, 1]",39
40,0.0,5.012529029846192e-07,5,"[1, 0, 1, 0, 0, 0]",40
41,0.0,5.012529029846192e-07,4,"[1, 0, 1, 0, 0, 1]",41
42,0.0,5.012529029846192e-07,4,"[1, 0, 1, 0, 1, 0]",42
43,0.0,5.012529029846192e-07,3,"[1, 0, 1, 0, 1, 1]",43
44,0.0,5.012529029846192e-07,4,"[1, 0, 1, 1, 0, 0]",44
45,0.0,5.012529029846192e-07,3,"[1, 0, 1, 1, 0, 1]",45
46,0.0,5.012529029846192e-07,3,"[1, 0, 1, 1, 1, 0]",46
47,0.0,5.012529029846192e-07,2,"[1, 0, 1, 1, 1, 1]",47
48,0.0,5.012529029846192e-07,5,"[1, 1, 0, 0, 0, 0]",48
49,0.0,5.012529029846192e-07,4,"[1, 1, 0, 0, 0, 1]",49
50,0.0,5.012529029846192e-07,4,"[1, 1, 0, 0, 1, 0]",50
51,0.0,5.012529029846192e-07,3,"[1, 1, 0, 0, 1, 1]",51
52,0.0,5.012529029846192e-07,4,"[1, 1, 0, 1, 0, 0]",52
53,0.0,5.012529029846192e-07,3,"[1, 1, 0, 1, 0, 1]",53
54,0.0,5.012529029846192e-07,3,"[1, 1, 0, 1, 1, 0]",54
55,0.0,5.012529029846192e-07,2,"[1, 1, 0, 1, 1, 1]",55
56,0.0,5.012529029846192e-07,4,"[1, 1, 1, 0, 0, 0]",56
57,0.0,5.012529029846192e-07,3,"[1, 1, 1, 0, 0, 1]",57
58,0.0,5.012529029846192e-07,3,"[1, 1, 1, 0, 1, 0]",58
59,0.0,5.012529029846192e-07,2,"[1, 1, 1, 0, 1, 1]",59
60,0.0,5.012529029846192e-07,3,"[1, 1, 1, 1, 0, 0]",60
61,0.0,5.012529029846192e-07,2,"[1, 1, 1, 1, 0, 1]",61
62,0.0,5.012529029846192e-07,2,"[1, 1, 1, 1, 1, 0]",62
63,0.0,5.012529029846192e-07,1,"[1, 1, 1, 1, 1, 1]",63
64,0.05,5.012529029846192e-07,5,"[0, 0, 0, 0, 0, 0]",0
65,0.05,5.012529029846192e-07,4,"[0, 0, 0, 0, 0, 1]",1
66,0.05,5.012529029846192e-07,4,"[0, 0, 0, 0, 1, 0]",2
67,0.05,5.012529029846192e-07,3,"[0, 0, 0, 0, 1, 1]",3
68,0.05,5.012529029846192e-07,4,"[0, 0, 0, 1, 0, 0]",4
69,0.05,5.012529029846192e-07,3,"[0, 0, 0, 1, 0, 1]",5
70,0.05,5.012529029846192e-07,3,"[0, 0, 0, 1, 1, 0]",6
71,0.05,5.012529029846192e-07,2,"[0, 0, 0, 1, 1, 1]",7
72,0.05,5.012529029846192e-07,4,"[0, 0, 1, 0, 0, 0]",8
73,0.05,5.012529029846192e-07,3,"[0, 0, 1, 0, 0, 1]",9
74,0.05,5.012529029846192e-07,3,"[0, 0, 1, 0, 1, 0]",10
75,0.05,5.012529029846192e-07,2,"[0, 0, 1, 0, 1, 1]",11
76,0.05,5.012529029846192e-07,3,"[0, 0, 1, 1, 0, 0]",12
77,0.05,5.012529029846192e-07,2,"[0, 0, 1, 1, 0, 1]",13
78,0.05,5.012529029846192e-07,2,"[0, 0, 1, 1, 1, 0]",14
79,0.05,5.012529029846192e-07,1,"[0, 0, 1, 1, 1, 1]",15
80,0.05,5.012529029846192e-07,4,"[0, 1, 0, 0, 0, 0]",16
81,0.05,5.012529029846192e-07,3,"[0, 1, 0, 0, 0, 1]",17
82,0.05,5.012529029846192e-07,3,"[0, 1, 0, 0, 1, 0]",18
83,0.05,5.012529029846192e-07,2,"[0, 1, 0, 0, 1, 1]",19
84,0.05,5.012529029846192e-07,3,"[0, 1, 0, 1, 0, 0]",20
85,0.05,5.012529029846192e-07,2,"[0, 1, 0, 1, 0, 1]",21
86,0.05,5.012529029846192e-07,2,"[0, 1, 0, 1, 1, 0]",22
87,0.05,5.012529029846192e-07,1,"[0, 1, 0, 1, 1, 1]",23
88,0.05,5.012529029846192e-07,3,"[0, 1, 1, 0, 0, 0]",24
89,0.05,5.012529029846192e-07,2,"[0, 1, 1, 0, 0, 1]",25
90,0.05,5.012529029846192e-07,2,"[0, 1, 1, 0, 1, 0]",26
91,0.05,5.012529029846192e-07,1,"[0, 1, 1, 0, 1, 1]",27
92,0.05,5.012529029846192e-07,2,"[0, 1, 1, 1, 0, 0]",28
93,0.05,5.012529029846192e-07,1,"[0, 1, 1, 1, 0, 1]",29
94,0.05,5.012529029846192e-07,1,"[0, 1, 1, 1, 1, 0]",30
95,0.05,5.012529029846192e-07,0,"[0, 1, 1, 1, 1, 1]",31
96,0.05,5.012529029846192e-07,6,"[1, 0, 0, 0, 0, 0]",32
97,0.05,5.012529029846192e-07,5,"[1, 0, 0, 0, 0, 1]",33
98,0.05,5.012529029846192e-07,5,"[1, 0, 0, 0, 1, 0]",34
99,0.05,5.012529029846192e-07,4,"[1, 0, 0, 0, 1, 1]",35
100,0.05,5.012529029846192e-07,5,"[1, 0, 0, 1, 0, 0]",36
101,0.05,5.012529029846192e-07,4,"[1, 0, 0, 1, 0, 1]",37
102,0.05,5.012529029846192e-07,4,"[1, 0, 0, 1, 1, 0]",38
103,0.05,5.012529029846192e-07,3,"[1, 0, 0, 1, 1, 1]",39
104,0.05,5.012529029846192e-07,5,"[1, 0, 1, 0, 0, 0]",40
105,0.05,5.012529029846192e-07,4,"[1, 0, 1, 0, 0, 1]",41
106,0.05,5.012529029846192e-07,4,"[1, 0, 1, 0, 1, 0]",42
107,0.05,5.012529029846192e-07,3,"[1, 0, 1, 0, 1, 1]",43
108,0.05,5.012529029846192e-07,4,"[1, 0, 1, 1, 0, 0]",44
109,0.05,5.012529029846192e-07,3,"[1, 0, 1, 1, 0, 1]",45
110,0.05,5.012529029846192e-07,3,"[1, 0, 1, 1, 1, 0]",46
111,0.05,5.012529029846192e-07,2,"[1, 0, 1, 1, 1, 1]",47
112,0.05,5.012529029846192e-07,5,"[1, 1, 0, 0, 0, 0]",48
113,0.05,5.012529029846192e-07,4,"[1, 1, 0, 0, 0, 1]",49
114,0.05,5.012529029846192e-07,4,"[1, 1, 0, 0, 1, 0]",50
115,0.05,5.012529029846192e-07,3,"[1, 1, 0, 0, 1, 1]",51
116,0.05,5.012529029846192e-07,4,"[1, 1, 0, 1, 0, 0]",52
117,0.05,5.012529029846192e-07,3,"[1, 1, 0, 1, 0, 1]",53
118,0.05,5.012529029846192e-07,3,"[1, 1, 0, 1, 1, 0]",54
119,0.05,5.012529029846192e-07,2,"[1, 1, 0, 1, 1, 1]",55
120,0.05,5.012529029846192e-07,4,"[1, 1, 1, 0, 0, 0]",56
121,0.05,5.012529029846192e-07,3,"[1, 1, 1, 0, 0, 1]",57
122,0.05,5.012529029846192e-07,3,"[1, 1, 1, 0, 1, 0]",58
123,0.05,5.012529029846192e-07,2,"[1, 1, 1, 0, 1, 1]",59
124,0.05,5.012529029846192e-07,3,"[1, 1, 1, 1, 0, 0]",60
125,0.05,5.012529029846192e-07,2,"[1, 1, 1, 1, 0, 1]",61
126,0.05,5.012529029846192e-07,2,"[1, 1, 1, 1, 1, 0]",62
127,0.05,5.012529029846192e-07,1,"[1, 1, 1, 1, 1, 1]",63
128,0.1,5.012529029846192e-07,5,"[0, 0, 0, 0, 0, 0]",0
129,0.1,5.012529029846192e-07,4,"[0, 0, 0, 0, 0, 1]",1
130,0.1,5.012529029846192e-07,4,"[0, 0, 0, 0, 1, 0]",2
131,0.1,5.012529029846192e-07,3,"[0, 0, 0, 0, 1, 1]",3
132,0.1,5.012529029846192e-07,4,"[0, 0, 0, 1, 0, 0]",4
133,0.1,5.012529029846192e-07,3,"[0, 0, 0, 1, 0, 1]",5
134,0.1,5.012529029846192e-07,3,"[0, 0, 0, 1, 1, 0]",6
135,0.1,5.012529029846192e-07,2,"[0, 0, 0, 1, 1, 1]",7
136,0.1,5.012529029846192e-07,4,"[0, 0, 1, 0, 0, 0]",8
137,0.1,5.012529029846192e-07,3,"[0, 0, 1, 0, 0, 1]",9
138,0.1,5.012529029846192e-07,3,"[0, 0, 1, 0, 1, 0]",10
139,0.1,5.012529029846192e-07,2,"[0, 0, 1, 0, 1, 1]",11
140,0.1,5.012529029846192e-07,3,"[0, 0, 1, 1, 0, 0]",12
141,0.1,5.012529029846192e-07,2,"[0, 0, 1, 1, 0, 1]",13
142,0.1,5.012529029846192e-07,2,"[0, 0, 1, 1, 1, 0]",14
143,0.1,5.012529029846192e-07,1,"[0, 0, 1, 1, 1, 1]",15
144,0.1,5.012529029846192e-07,4,"[0, 1, 0, 0, 0, 0]",16
145,0.1,5.012529029846192e-07,3,"[0, 1, 0, 0, 0, 1]",17
146,0.1,5.012529029846192e-07,3,"[0, 1, 0, 0, 1, 0]",18
147,0.1,5.012529029846192e-07,2,"[0, 1, 0, 0, 1, 1]",19
148,0.1,5.012529029846192e-07,3,"[0, 1, 0, 1, 0, 0]",20
149,0.1,5.012529029846192e-07,2,"[0, 1, 0, 1, 0, 1]",21
150,0.1,5.012529029846192e-07,2,"[0, 1, 0, 1, 1, 0]",22
151,0.1,5.012529029846192e-07,1,"[0, 1, 0, 1, 1, 1]",23
152,0.1,5.012529029846192e-07,3,"[0, 1, 1, 0, 0, 0]",24
153,0.1,5.012529029846192e-07,2,"[0, 1, 1, 0, 0, 1]",25
154,0.1,5.012529029846192e-07,2,"[0, 1, 1, 0, 1, 0]",26
155,0.1,5.012529029846192e-07,1,"[0, 1, 1, 0, 1, 1]",27
156,0.1,5.012529029846192e-07,2,"[0, 1, 1, 1, 0, 0]",28
157,0.1,5.012529029846192e-07,1,"[0, 1, 1, 1, 0, 1]",29
158,0.1,5.012529029846192e-07,1,"[0, 1, 1, 1, 1, 0]",30
159,0.1,5.012529029846192e-07,0,"[0, 1, 1, 1, 1, 1]",31
160,0.1,5.012529029846192e-07,6,"[1, 0, 0, 0, 0, 0]",32
161,0.1,5.012529029846192e-07,5,"[1, 0, 0, 0, 0, 1]",33
162,0.1,5.012529029846192e-07,5,"[1, 0, 0, 0, 1, 0]",34
163,0.1,5.012529029846192e-07,4,"[1, 0, 0, 0, 1, 1]",35
164,0.1,5.012529029846192e-07,5,"[1, 0, 0, 1, 0, 0]",36
165,0.1,5.012529029846192e-07,4,"[1, 0, 0, 1, 0, 1]",37
166,0.1,5.012529029846192e-07,4,"[1, 0, 0, 1, 1, 0]",38
167,0.1,5.012529029846192e-07,3,"[1, 0, 0, 1, 1, 1]",39
168,0.1,5.012529029846192e-07,5,"[1, 0, 1, 0, 0, 0]",40
169,0.1,5.012529029846192e-07,4,"[1, 0, 1, 0, 0, 1]",41
170,0.1,5.012529029846192e-07,4,"[1, 0, 1, 0, 1, 0]",42
171,0.1,5.012529029846192e-07,3,"[1, 0, 1, 0, 1, 1]",43
172,0.1,5.012529029846192e-07,4,"[1, 0, 1, 1, 0, 0]",44
173,0.1,5.012529029846192e-07,3,"[1, 0, 1, 1, 0, 1]",45
174,0.1,5.012529029846192e-07,3,"[1, 0, 1, 1, 1, 0]",46
175,0.1,5.012529029846192e-07,2,"[1, 0, 1, 1, 1, 1]",47
176,0.1,5.012529029846192e-07,5,"[1, 1, 0, 0, 0, 0]",48
177,0.1,5.012529029846192e-07,4,"[1, 1, 0, 0, 0, 1]",49
178,0.1,5.012529029846192e-07,4,"[1, 1, 0, 0, 1, 0]",50
179,0.1,5.012529029846192e-07,3,"[1, 1, 0, 0, 1, 1]",51
180,0.1,5.012529029846192e-07,4,"[1, 1, 0, 1, 0, 0]",52
181,0.1,5.012529029846192e-07,3,"[1, 1, 0, 1, 0, 1]",53
182,0.1,5.012529029846192e-07,3,"[1, 1, 0, 1, 1, 0]",54
183,0.1,5.012529029846192e-07,2,"[1, 1, 0, 1, 1, 1]",55
184,0.1,5.012529029846192e-07,4,"[1, 1, 1, 0, 0, 0]",56
185,0.1,5.012529029846192e-07,3,"[1, 1, 1, 0, 0, 1]",57
186,0.1,5.012529029846192e-07,3,"[1, 1, 1, 0, 1, 0]",58
187,0.1,5.012529029846192e-07,2,"[1, 1, 1, 0, 1, 1]",59
188,0.1,5.012529029846192e-07,3,"[1, 1, 1, 1, 0, 0]",60
189,0.1,5.012529029846192e-07,2,"[1, 1, 1, 1, 0, 1]",61
190,0.1,5.012529029846192e-07,2,"[1, 1, 1, 1, 1, 0]",62
191,0.1,5.012529029846192e-07,1,"[1, 1, 1, 1, 1, 1]",63
192,0.15,5.012529029846192e-07,5,"[0, 0, 0, 0, 0, 0]",0
193,0.15,5.012529029846192e-07,4,"[0, 0, 0, 0, 0, 1]",1
194,0.15,5.012529029846192e-07,4,"[0, 0, 0, 0, 1, 0]",2
195,0.15,5.012529029846192e-07,3,"[0, 0, 0, 0, 1, 1]",3
196,0.15,5.012529029846192e-07,4,"[0, 0, 0, 1, 0, 0]",4
197,0.15,5.012529029846192e-07,3,"[0, 0, 0, 1, 0, 1]",5
198,0.15,5.012529029846192e-07,3,"[0, 0, 0, 1, 1, 0]",6
199,0.15,5.012529029846192e-07,2,"[0, 0, 0, 1, 1, 1]",7
200,0.15,5.012529029846192e-07,4,"[0, 0, 1, 0, 0, 0]",8
201,0.15,5.012529029846192e-07,3,"[0, 0, 1, 0, 0, 1]",9
202,0.15,5.012529029846192e-07,3,"[0, 0, 1, 0, 1, 0]",10
203,0.15,5.012529029846192e-07,2,"[0, 0, 1, 0, 1, 1]",11
204,0.15,5.012529029846192e-07,3,"[0, 0, 1, 1, 0, 0]",12
205,0.15,5.012529029846192e-07,2,"[0, 0, 1, 1, 0, 1]",13
206,0.15,5.012529029846192e-07,2,"[0, 0, 1, 1, 1, 0]",14
207,0.15,5.012529029846192e-07,1,"[0, 0, 1, 1, 1, 1]",15
208,0.15,5.012529029846192e-07,4,"[0, 1, 0, 0, 0, 0]",16
209,0.15,5.012529029846192e-07,3,"[0, 1, 0, 0, 0, 1]",17
210,0.15,5.012529029846192e-07,3,"[0, 1, 0, 0, 1, 0]",18
211,0.15,5.012529029846192e-07,2,"[0, 1, 0, 0, 1, 1]",19
212,0.15,5.012529029846192e-07,3,"[0, 1, 0, 1, 0, 0]",20
213,0.15,5.012529029846192e-07,2,"[0, 1, 0, 1, 0, 1]",21
214,0.15,5.012529029846192e-07,2,"[0, 1, 0, 1, 1, 0]",22
215,0.15,5.012529029846192e-07,1,"[0, 1, 0, 1, 1, 1]",23
216,0.15,5.012529029846192e-07,3,"[0, 1, 1, 0, 0, 0]",24
217,0.15,5.012529029846192e-07,2,"[0, 1, 1, 0, 0, 1]",25
218,0.15,5.012529029846192e-07,2,"[0, 1, 1, 0, 1, 0]",26
219,0.15,5.012529029846192e-07,1,"[0, 1, 1, 0, 1, 1]",27
220,0.15,5.012529029846192e-07,2,"[0, 1, 1, 1, 0, 0]",28
221,0.15,5.012529029846192e-07,1,"[0, 1, 1, 1, 0, 1]",29
222,0.15,5.012529029846192e-07,1,"[0, 1, 1, 1, 1, 0]",30
223,0.15,5.012529029846192e-07,0,"[0, 1, 1, 1, 1, 1]",31
224,0.15,5.012529029846192e-07,6,"[1, 0, 0, 0, 0, 0]",32
225,0.15,5.012529029846192e-07,5,"[1, 0, 0, 0, 0, 1]",33
226,0.15,5.012529029846192e-07,5,"[1, 0, 0, 0, 1, 0]",34
227,0.15,5.012529029846192e-07,4,"[1, 0, 0, 0, 1, 1]",35
228,0.15,5.012529029846192e-07,5,"[1, 0, 0, 1, 0, 0]",36
229,0.15,5.012529029846192e-07,4,"[1, 0, 0, 1, 0, 1]",37
230,0.15,5.012529029846192e-07,4,"[1, 0, 0, 1, 1, 0]",38
231,0.15,5.012529029846192e-07,3,"[1, 0, 0, 1, 1, 1]",39
232,0.15,5.012529029846192e-07,5,"[1, 0, 1, 0, 0, 0]",40
233,0.15,5.012529029846192e-07,4,"[1, 0, 1, 0, 0, 1]",41
234,0.15,5.012529029846192e-07,4,"[1, 0, 1, 0, 1, 0]",42
235,0.15,5.012529029846192e-07,3,"[1, 0, 1, 0, 1, 1]",43
236,0.15,5.012529029846192e-07,4,"[1, 0, 1, 1, 0, 0]",44
237,0.15,5.012529029846192e-07,3,"[1, 0, 1, 1, 0, 1]",45
238,0.15,5.012529029846192e-07,3,"[1, 0, 1, 1, 1, 0]",46
239,0.15,5.012529029846192e-07,2,"[1, 0, 1, 1, 1, 1]",47
240,0.15,5.012529029846192e-07,5,"[1, 1, 0, 0, 0, 0]",48
241,0.15,5.012529029846192e-07,4,"[1, 1, 0, 0, 0, 1]",49
242,0.15,5.012529029846192e-07,4,"[1, 1, 0, 0, 1, 0]",50
243,0.15,5.012529029846192e-07,3,"[1, 1, 0, 0, 1, 1]",51
244,0.15,5.012529029846192e-07,4,"[1, 1, 0, 1, 0, 0]",52
245,0.15,5.012529029846192e-07,3,"[1, 1, 0, 1, 0, 1]",53
246,0.15,5.012529029846192e-07,3,"[1, 1, 0, 1, 1, 0]",54
247,0.15,5.012529029846192e-07,2,"[1, 1, 0, 1, 1, 1]",55
248,0.15,5.012529029846192e-07,4,"[1, 1, 1, 0, 0, 0]",56
249,0.15,5.012529029846192e-07,3,"[1, 1, 1, 0, 0, 1]",57
250,0.15,5.012529029846192e-07,3,"[1, 1, 1, 0, 1, 0]",58
251,0.15,5.012529029846192e-07,2,"[1, 1, 1, 0, 1, 1]",59
252,0.15,5.012529029846192e-07,3,"[1, 1, 1, 1, 0, 0]",60
253,0.15,5.012529029846192e-07,2,"[1, 1, 1, 1, 0, 1]",61
254,0.15,5.012529029846192e-07,2,"[1, 1, 1, 1, 1, 0]",62
255,0.15,5.012529029846192e-07,1,"[1, 1, 1, 1, 1, 1]",63
256,0.2,5.012529029846192e-07,5,"[0, 0, 0, 0, 0, 0]",0
257,0.2,5.012529029846192e-07,4,"[0, 0, 0, 0, 0, 1]",1
258,0.2,5.012529029846192e-07,4,"[0, 0, 0, 0, 1, 0]",2
259,0.2,5.012529029846192e-07,3,"[0, 0, 0, 0, 1, 1]",3
260,0.2,5.012529029846192e-07,4,"[0, 0, 0, 1, 0, 0]",4
261,0.2,5.012529029846192e-07,3,"[0, 0, 0, 1, 0, 1]",5
262,0.2,5.012529029846192e-07,3,"[0, 0, 0, 1, 1, 0]",6
263,0.2,5.012529029846192e-07,2,"[0, 0, 0, 1, 1, 1]",7
264,0.2,5.012529029846192e-07,4,"[0, 0, 1, 0, 0, 0]",8
265,0.2,5.012529029846192e-07,3,"[0, 0, 1, 0, 0, 1]",9
266,0.2,5.012529029846192e-07,3,"[0, 0, 1, 0, 1, 0]",10
267,0.2,5.012529029846192e-07,2,"[0, 0, 1, 0, 1, 1]",11
268,0.2,5.012529029846192e-07,3,"[0, 0, 1, 1, 0, 0]",12
269,0.2,5.012529029846192e-07,2,"[0, 0, 1, 1, 0, 1]",13
270,0.2,5.012529029846192e-07,2,"[0, 0, 1, 1, 1, 0]",14
271,0.2,5.012529029846192e-07,1,"[0, 0, 1, 1, 1, 1]",15
272,0.2,5.012529029846192e-07,4,"[0, 1, 0, 0, 0, 0]",16
273,0.2,5.012529029846192e-07,3,"[0, 1, 0, 0, 0, 1]",17
274,0.2,5.012529029846192e-07,3,"[0, 1, 0, 0, 1, 0]",18
275,0.2,5.012529029846192e-07,2,"[0, 1, 0, 0, 1, 1]",19
276,0.2,5.012529029846192e-07,3,"[0, 1, 0, 1, 0, 0]",20
277,0.2,5.012529029846192e-07,2,"[0, 1, 0, 1, 0, 1]",21
278,0.2,5.012529029846192e-07,2,"[0, 1, 0, 1, 1, 0]",22
279,0.2,5.012529029846192e-07,1,"[0, 1, 0, 1, 1, 1]",23
280,0.2,5.012529029846192e-07,3,"[0, 1, 1, 0, 0, 0]",24
281,0.2,5.012529029846192e-07,2,"[0, 1, 1, 0, 0, 1]",25
282,0.2,5.012529029846192e-07,2,"[0, 1, 1, 0, 1, 0]",26
283,0.2,5.012529029846192e-07,1,"[0, 1, 1, 0, 1, 1]",27
284,0.2,5.012529029846192e-07,2,"[0, 1, 1, 1, 0, 0]",28
285,0.2,5.012529029846192e-07,1,"[0, 1, 1, 1, 0, 1]",29
286,0.2,5.012529029846192e-07,1,"[0, 1, 1, 1, 1, 0]",30
287,0.2,5.012529029846192e-07,0,"[0, 1, 1, 1, 1, 1]",31
288,0.2,5.012529029846192e-07,6,"[1, 0, 0, 0, 0, 0]",32
289,0.2,5.012529029846192e-07,5,"[1, 0, 0, 0, 0, 1]",33
290,0.2,5.012529029846192e-07,5,"[1, 0, 0, 0, 1, 0]",34
291,0.2,5.012529029846192e-07,4,"[1, 0, 0, 0, 1, 1]",35
292,0.2,5.012529029846192e-07,5,"[1, 0, 0, 1, 0, 0]",36
293,0.2,5.012529029846192e-07,4,"[1, 0, 0, 1, 0, 1]",37
294,0.2,5.012529029846192e-07,4,"[1, 0, 0, 1, 1, 0]",38
295,0.2,5.012529029846192e-07,3,"[1, 0, 0, 1, 1, 1]",39
296,0.2,5.012529029846192e-07,5,"[1, 0, 1, 0, 0, 0]",40
297,0.2,5.012529029846192e-07,4,"[1, 0, 1, 0, 0, 1]",41
298,0.2,5.012529029846192e-07,4,"[1, 0, 1, 0, 1, 0]",42
299,0.2,5.012529029846192e-07,3,"[1, 0, 1, 0, 1, 1]",43
300,0.2,5.012529029846192e-07,4,"[1, 0, 1, 1, 0, 0]",44
301,0.2,5.012529029846192e-07,3,"[1, 0, 1, 1, 0, 1]",45
302,0.2,5.012529029846192e-07,3,"[1, 0, 1, 1, 1, 0]",46
303,0.2,5.012529029846192e-07,2,"[1, 0, 1, 1, 1, 1]",47
304,0.2,5.012529029846192e-07,5,"[1, 1, 0, 0, 0, 0]",48
305,0.2,5.012529029846192e-07,4,"[1, 1, 0, 0, 0, 1]",49
306,0.2,5.012529029846192e-07,4,"[1, 1, 0, 0, 1, 0]",50
307,0.2,5.012529029846192e-07,3,"[1, 1, 0, 0, 1, 1]",51
308,0.2,5.012529029846192e-07,4,"[1, 1, 0, 1, 0, 0]",52
309,0.2,5.012529029846192e-07,3,"[1, 1, 0, 1, 0, 1]",53
310,0.2,5.012529029846192e-07,3,"[1, 1, 0, 1, 1, 0]",54
311,0.2,5.012529029846192e-07,2,"[1, 1, 0, 1, 1, 1]",55
312,0.2,5.012529029846192e-07,4,"[1, 1, 1, 0, 0, 0]",56
313,0.2,5.012529029846192e-07,3,"[1, 1, 1, 0, 0, 1]",57
314,0.2,5.012529029846192e-07,3,"[1, 1, 1, 0, 1, 0]",58
315,0.2,5.012529029846192e-07,2,"[1, 1, 1, 0, 1, 1]",59
316,0.2,5.012529029846192e-07,3,"[1, 1, 1, 1, 0, 0]",60
317,0.2,5.012529029846192e-07,2,"[1, 1, 1, 1, 0, 1]",61
318,0.2,5.012529029846192e-07,2,"[1, 1, 1, 1, 1, 0]",62
319,0.2,5.012529029846192e-07,1,"[1, 1, 1, 1, 1, 1]",63
320,0.25,5.012529029846192e-07,5,"[0, 0, 0, 0, 0, 0]",0
321,0.25,5.012529029846192e-07,4,"[0, 0, 0, 0, 0, 1]",1
322,0.25,5.012529029846192e-07,4,"[0, 0, 0, 0, 1, 0]",2
323,0.25,5.012529029846192e-07,3,"[0, 0, 0, 0, 1, 1]",3
324,0.25,5.012529029846192e-07,4,"[0, 0, 0, 1, 0, 0]",4
325,0.25,5.012529029846192e-07,3,"[0, 0, 0, 1, 0, 1]",5
326,0.25,5.012529029846192e-07,3,"[0, 0, 0, 1, 1, 0]",6
327,0.25,5.012529029846192e-07,2,"[0, 0, 0, 1, 1, 1]",7
328,0.25,5.012529029846192e-07,4,"[0, 0, 1, 0, 0, 0]",8
329,0.25,5.012529029846192e-07,3,"[0, 0, 1, 0, 0, 1]",9
330,0.25,5.012529029846192e-07,3,"[0, 0, 1, 0, 1, 0]",10
331,0.25,5.012529029846192e-07,2,"[0, 0, 1, 0, 1, 1]",11
332,0.25,5.012529029846192e-07,3,"[0, 0, 1, 1, 0, 0]",12
333,0.25,5.012529029846192e-07,2,"[0, 0, 1, 1, 0, 1]",13
334,0.25,5.012529029846192e-07,2,"[0, 0, 1, 1, 1, 0]",14
335,0.25,5.012529029846192e-07,1,"[0, 0, 1, 1, 1, 1]",15
336,0.25,5.012529029846192e-07,4,"[0, 1, 0, 0, 0, 0]",16
337,0.25,5.012529029846192e-07,3,"[0, 1, 0, 0, 0, 1]",17
338,0.25,5.012529029846192e-07,3,"[0, 1, 0, 0, 1, 0]",18
339,0.25,5.012529029846192e-07,2,"[0, 1, 0, 0, 1, 1]",19
340,0.25,5.012529029846192e-07,3,"[0, 1, 0, 1, 0, 0]",20
341,0.25,5.012529029846192e-07,2,"[0, 1, 0, 1, 0, 1]",21
342,0.25,5.012529029846192e-07,2,"[0, 1, 0, 1, 1, 0]",22
343,0.25,5.012529029846192e-07,1,"[0, 1, 0, 1, 1, 1]",23
344,0.25,5.012529029846192e-07,3,"[0, 1, 1, 0, 0, 0]",24
345,0.25,5.012529029846192e-07,2,"[0, 1, 1, 0, 0, 1]",25
346,0.25,5.012529029846192e-07,2,"[0, 1, 1, 0, 1, 0]",26
347,0.25,5.012529029846192e-07,1,"[0, 1, 1, 0, 1, 1]",27
348,0.25,5.012529029846192e-07,2,"[0, 1, 1, 1, 0, 0]",28
349,0.25,5.012529029846192e-07,1,"[0, 1, 1, 1, 0, 1]",29
350,0.25,5.012529029846192e-07,1,"[0, 1, 1, 1, 1, 0]",30
351,0.25,5.012529029846192e-07,0,"[0, 1, 1, 1, 1, 1]",31
352,0.25,5.012529029846192e-07,6,"[1, 0, 0, 0, 0, 0]",32
353,0.25,5.012529029846192e-07,5,"[1, 0, 0, 0, 0, 1]",33
354,0.25,5.012529029846192e-07,5,"[1, 0, 0, 0, 1, 0]",34
355,0.25,5.012529029846192e-07,4,"[1, 0, 0, 0, 1, 1]",35
356,0.25,5.012529029846192e-07,5,"[1, 0, 0, 1, 0, 0]",36
357,0.25,5.012529029846192e-07,4,"[1, 0, 0, 1, 0, 1]",37
358,0.25,5.012529029846192e-07,4,"[1, 0, 0, 1, 1, 0]",38
359,0.25,5.012529029846192e-07,3,"[1, 0, 0, 1, 1, 1]",39
360,0.25,5.012529029846192e-07,5,"[1, 0, 1, 0, 0, 0]",40
361,0.25,5.012529029846192e-07,4,"[1, 0, 1, 0, 0, 1]",41
362,0.25,5.012529029846192e-07,4,"[1, 0, 1, 0, 1, 0]",42
363,0.25,5.012529029846192e-07,3,"[1, 0, 1, 0, 1, 1]",43
364,0.25,5.012529029846192e-07,4,"[1, 0, 1, 1, 0, 0]",44
365,0.25,5.012529029846192e-07,3,"[1, 0, 1, 1, 0, 1]",45
366,0.25,5.012529029846192e-07,3,"[1, 0, 1, 1, 1, 0]",46
367,0.25,5.012529029846192e-07,2,"[1, 0, 1, 1, 1, 1]",47
368,0.25,5.012529029846192e-07,5,"[1, 1, 0, 0, 0, 0]",48
369,0.25,5.012529029846192e-07,4,"[1, 1, 0, 0, 0, 1]",49
370,0.25,5.012529029846192e-07,4,"[1, 1, 0, 0, 1, 0]",50
371,0.25,5.012529029846192e-07,3,"[1, 1, 0, 0, 1, 1]",51
372,0.25,5.012529029846192e-07,4,"[1, 1, 0, 1, 0, 0]",52
373,0.25,5.012529029846192e-07,3,"[1, 1, 0, 1, 0, 1]",53
374,0.25,5.012529029846192e-07,3,"[1, 1, 0, 1, 1, 0]",54
375,0.25,5.012529029846192e-07,2,"[1, 1, 0, 1, 1, 1]",55
376,0.25,5.012529029846192e-07,4,"[1, 1, 1, 0, 0, 0]",56
377,0.25,5.012529029846192e-07,3,"[1, 1, 1, 0, 0, 1]",57
378,0.25,5.012529029846192e-07,3,"[1, 1, 1, 0, 1, 0]",58
379,0.25,5.012529029846192e-07,2,"[1, 1, 1, 0, 1, 1]",59
380,0.25,5.012529029846192e-07,3,"[1, 1, 1, 1, 0, 0]",60
381,0.25,5.012529029846192e-07,2,"[1, 1, 1, 1, 0, 1]",61
382,0.25,5.012529029846192e-07,2,"[1, 1, 1, 1, 1, 0]",62
383,0.25,5.012529029846192e-07,1,"[1, 1, 1, 1, 1, 1]",63
384,0.3,5.012529029846192e-07,5,"[0, 0, 0, 0, 0, 0]",0
385,0.3,5.012529029846192e-07,4,"[0, 0, 0, 0, 0, 1]",1
386,0.3,5.012529029846192e-07,4,"[0, 0, 0, 0, 1, 0]",2
387,0.3,5.012529029846192e-07,3,"[0, 0, 0, 0, 1, 1]",3
388,0.3,5.012529029846192e-07,4,"[0, 0, 0, 1, 0, 0]",4
389,0.3,5.012529029846192e-07,3,"[0, 0, 0, 1, 0, 1]",5
390,0.3,5.012529029846192e-07,3,"[0, 0, 0, 1, 1, 0]",6
391,0.3,5.012529029846192e-07,2,"[0, 0, 0, 1, 1, 1]",7
392,0.3,5.012529029846192e-07,4,"[0, 0, 1, 0, 0, 0]",8
393,0.3,5.012529029846192e-07,3,"[0, 0, 1, 0, 0, 1]",9
394,0.3,5.012529029846192e-07,3,"[0, 0, 1, 0, 1, 0]",10
395,0.3,5.012529029846192e-07,2,"[0, 0, 1, 0, 1, 1]",11
396,0.3,5.012529029846192e-07,3,"[0, 0, 1, 1, 0, 0]",12
397,0.3,5.012529029846192e-07,2,"[0, 0, 1, 1, 0, 1]",13
398,0.3,5.012529029846192e-07,2,"[0, 0, 1, 1, 1, 0]",14
399,0.3,5.012529029846192e-07,1,"[0, 0, 1, 1, 1, 1]",15
400,0.3,5.012529029846192e-07,4,"[0, 1, 0, 0, 0, 0]",16
401,0.3,5.012529029846192e-07,3,"[0, 1, 0, 0, 0, 1]",17
402,0.3,5.012529029846192e-07,3,"[0, 1, 0, 0, 1, 0]",18
403,0.3,5.012529029846192e-07,2,"[0, 1, 0, 0, 1, 1]",19
404,0.3,5.012529029846192e-07,3,"[0, 1, 0, 1, 0, 0]",20
405,0.3,5.012529029846192e-07,2,"[0, 1, 0, 1, 0, 1]",21
406,0.3,5.012529029846192e-07,2,"[0, 1, 0, 1, 1, 0]",22
407,0.3,5.012529029846192e-07,1,"[0, 1, 0, 1, 1, 1]",23
408,0.3,5.012529029846192e-07,3,"[0, 1, 1, 0, 0, 0]",24
409,0.3,5.012529029846192e-07,2,"[0, 1, 1, 0, 0, 1]",25
410,0.3,5.012529029846192e-07,2,"[0, 1, 1, 0, 1, 0]",26
411,0.3,5.012529029846192e-07,1,"[0, 1, 1, 0, 1, 1]",27
412,0.3,5.012529029846192e-07,2,"[0, 1, 1, 1, 0, 0]",28
413,0.3,5.012529029846192e-07,1,"[0, 1, 1, 1, 0, 1]",29
414,0.3,5.012529029846192e-07,1,"[0, 1, 1, 1, 1, 0]",30
415,0.3,5.012529029846192e-07,0,"[0, 1, 1, 1, 1, 1]",31
416,0.3,5.012529029846192e-07,6,"[1, 0, 0, 0, 0, 0]",32
417,0.3,5.012529029846192e-07,5,"[1, 0, 0, 0, 0, 1]",33
418,0.3,5.012529029846192e-07,5,"[1, 0, 0, 0, 1, 0]",34
419,0.3,5.012529029846192e-07,4,"[1, 0, 0, 0, 1, 1]",35
420,0.3,5.012529029846192e-07,5,"[1, 0, 0, 1, 0, 0]",36
421,0.3,5.012529029846192e-07,4,"[1, 0, 0, 1, 0, 1]",37
422,0.3,5.012529029846192e-07,4,"[1, 0, 0, 1, 1, 0]",38
423,0.3,5.012529029846192e-07,3,"[1, 0, 0, 1, 1, 1]",39
424,0.3,5.012529029846192e-07,5,"[1, 0, 1, 0, 0, 0]",40
425,0.3,5.012529029846192e-07,4,"[1, 0, 1, 0, 0, 1]",41
426,0.3,5.012529029846192e-07,4,"[1, 0, 1, 0, 1, 0]",42
427,0.3,5.012529029846192e-07,3,"[1, 0, 1, 0, 1, 1]",43
428,0.3,5.012529029846192e-07,4,"[1, 0, 1, 1, 0, 0]",44
429,0.3,5.012529029846192e-07,3,"[1, 0, 1, 1, 0, 1]",45
430,0.3,5.012529029846192e-07,3,"[1, 0, 1, 1, 1, 0]",46
431,0.3,5.012529029846192e-07,2,"[1, 0, 1, 1, 1, 1]",47
432,0.3,5.012529029846192e-07,5,"[1, 1, 0, 0, 0, 0]",48
433,0.3,5.012529029846192e-07,4,"[1, 1, 0, 0, 0, 1]",49
434,0.3,5.012529029846192e-07,4,"[1, 1, 0, 0, 1, 0]",50
435,0.3,5.012529029846192e-07,3,"[1, 1, 0, 0, 1, 1]",51
436,0.3,5.012529029846192e-07,4,"[1, 1, 0, 1, 0, 0]",52
437,0.3,5.012529029846192e-07,3,"[1, 1, 0, 1, 0, 1]",53
438,0.3,5.012529029846192e-07,3,"[1, 1, 0, 1, 1, 0]",54
439,0.3,5.012529029846192e-07,2,"[1, 1, 0, 1, 1, 1]",55
440,0.3,5.012529029846192e-07,4,"[1, 1, 1, 0, 0, 0]",56
441,0.3,5.012529029846192e-07,3,"[1, 1, 1, 0, 0, 1]",57
442,0.3,5.012529029846192e-07,3,"[1, 1, 1, 0, 1, 0]",58
443,0.3,5.012529029846192e-07,2,"[1, 1, 1, 0, 1, 1]",59
444,0.3,5.012529029846192e-07,3,"[1, 1, 1, 1, 0, 0]",60
445,0.3,5.012529029846192e-07,2,"[1, 1, 1, 1, 0, 1]",61
446,0.3,5.012529029846192e-07,2,"[1, 1, 1, 1, 1, 0]",62
447,0.3,5.012529029846192e-07,1,"[1, 1, 1, 1, 1, 1]",63
448,0.35,1.0250264514923098e-05,1,"[0, 0, 0, 0, 0, 0]",0
449,0.35,1.0250264514923098e-05,0,"[0, 0, 0, 0, 0, 1]",1
450,0.35,7.850264514923097e-06,1,"[0, 0, 0, 0, 1, 0]",2
451,0.35,5.413011611938477e-06,1,"[0, 0, 0, 0, 1, 1]",3
452,0.35,7.850264514923097e-06,1,"[0, 0, 0, 1, 0, 0]",4
453,0.35,7.850264514923097e-06,0,"[0, 0, 0, 1, 0, 1]",5
454,0.35,7.813011611938478e-06,0,"[0, 0, 0, 1, 1, 0]",6
455,0.35,5.375758708953858e-06,0,"[0, 0, 0, 1, 1, 1]",7
456,0.35,1.0250264514923098e-05,0,"[0, 0, 1, 0, 0, 0]",8
457,0.35,5.413011611938477e-06,1,"[0, 0, 1, 0, 0, 1]",9
458,0.35,7.850264514923097e-06,0,"[0, 0, 1, 0, 1, 0]",10
459,0.35,5.413011611938477e-06,0,"[0, 0, 1, 0, 1, 1]",11
460,0.35,5.375758708953858e-06,1,"[0, 0, 1, 1, 0, 0]",12
461,0.35,5.413011611938477e-06,0,"[0, 0, 1, 1, 0, 1]",13
462,0.35,5.375758708953858e-06,0,"[0, 0, 1, 1, 1, 0]",14
463,0.35,2.9385058059692387e-06,0,"[0, 0, 1, 1, 1, 1]",15
464,0.35,7.850264514923097e-06,1,"[0, 1, 0, 0, 0, 0]",16
465,0.35,7.850264514923097e-06,0,"[0, 1, 0, 0, 0, 1]",17
466,0.35,7.850264514923097e-06,0,"[0, 1, 0, 0, 1, 0]",18
467,0.35,5.413011611938477e-06,0,"[0, 1, 0, 0, 1, 1]",19
468,0.35,7.850264514923097e-06,0,"[0, 1, 0, 1, 0, 0]",20
469,0.35,5.4502645149230965e-06,0,"[0, 1, 0, 1, 0, 1]",21
470,0.35,5.413011611938477e-06,0,"[0, 1, 0, 1, 1, 0]",22
471,0.35,2.975758708953858e-06,0,"[0, 1, 0, 1, 1, 1]",23
472,0.35,5.375758708953858e-06,1,"[0, 1, 1, 0, 0, 0]",24
473,0.35,5.413011611938477e-06,0,"[0, 1, 1, 0, 0, 1]",25
474,0.35,5.413011611938477e-06,0,"[0, 1, 1, 0, 1, 0]",26
475,0.35,2.975758708953858e-06,0,"[0, 1, 1, 0, 1, 1]",27
476,0.35,5.375758708953858e-06,0,"[0, 1, 1, 1, 0, 0]",28
477,0.35,2.975758708953858e-06,0,"[0, 1, 1, 1, 0, 1]",29
478,0.35,2.9385058059692387e-06,0,"[0, 1, 1, 1, 1, 0]",30
479,0.35,5.012529029846192e-07,0,"[0, 1, 1, 1, 1, 1]",31
480,0.35,1.0250264514923098e-05,2,"[1, 0, 0, 0, 0, 0]",32
481,0.35,1.0250264514923098e-05,1,"[1, 0, 0, 0, 0, 1]",33
482,0.35,7.850264514923097e-06,2,"[1, 0, 0, 0, 1, 0]",34
483,0.35,5.413011611938477e-06,2,"[1, 0, 0, 0, 1, 1]",35
484,0.35,7.850264514923097e-06,2,"[1, 0, 0, 1, 0, 0]",36
485,0.35,7.850264514923097e-06,1,"[1, 0, 0, 1, 0, 1]",37
486,0.35,7.813011611938478e-06,1,"[1, 0, 0, 1, 1, 0]",38
487,0.35,5.375758708953858e-06,1,"[1, 0, 0, 1, 1, 1]",39
488,0.35,1.0250264514923098e-05,1,"[1, 0, 1, 0, 0, 0]",40
489,0.35,5.413011611938477e-06,2,"[1, 0, 1, 0, 0, 1]",41
490,0.35,7.850264514923097e-06,1,"[1, 0, 1, 0, 1, 0]",42
491,0.35,5.413011611938477e-06,1,"[1, 0, 1, 0, 1, 1]",43
492,0.35,7.813011611938478e-06,1,"[1, 0, 1, 1, 0, 0]",44
493,0.35,5.413011611938477e-06,1,"[1, 0, 1, 1, 0, 1]",45
494,0.35,5.375758708953858e-06,1,"[1, 0, 1, 1, 1, 0]",46
495,0.35,2.9385058059692387e-06,1,"[1, 0, 1, 1, 1, 1]",47
496,0.35,7.850264514923097e-06,2,"[1, 1, 0, 0, 0, 0]",48
497,0.35,7.850264514923097e-06,1,"[1, 1, 0, 0, 0, 1]",49
498,0.35,7.850264514923097e-06,1,"[1, 1, 0, 0, 1, 0]",50
499,0.35,5.413011611938477e-06,1,"[1, 1, 0, 0, 1, 1]",51
500,0.35,7.850264514923097e-06,1,"[1, 1, 0, 1, 0, 0]",52
501,0.35,5.4502645149230965e-06,1,"[1, 1, 0, 1, 0, 1]",53
502,0.35,5.413011611938477e-06,1,"[1, 1, 0, 1, 1, 0]",54
503,0.35,2.975758708953858e-06,1,"[1, 1, 0, 1, 1, 1]",55
504,0.35,5.375758708953858e-06,2,"[1, 1, 1, 0, 0, 0]",56
505,0.35,5.413011611938477e-06,1,"[1, 1, 1, 0, 0, 1]",57
506,0.35,5.413011611938477e-06,1,"[1, 1, 1, 0, 1, 0]",58
507,0.35,2.975758708953858e-06,1,"[1, 1, 1, 0, 1, 1]",59
508,0.35,5.375758708953858e-06,1,"[1, 1, 1, 1, 0, 0]",60
509,0.35,2.975758708953858e-06,1,"[1, 1, 1, 1, 0, 1]",61
510,0.35,2.9385058059692387e-06,1,"[1, 1, 1, 1, 1, 0]",62
511,0.35,5.012529029846192e-07,1,"[1, 1, 1, 1, 1, 1]",63
512,0.4,1.0250264514923098e-05,1,"[0, 0, 0, 0, 0, 0]",0
513,0.4,7.850264514923097e-06,1,"[0, 0, 0, 0, 0, 1]",1
514,0.4,7.850264514923097e-06,1,"[0, 0, 0, 0, 1, 0]",2
515,0.4,5.413011611938477e-06,1,"[0, 0, 0, 0, 1, 1]",3
516,0.4,7.850264514923097e-06,1,"[0, 0, 0, 1, 0, 0]",4
517,0.4,7.850264514923097e-06,0,"[0, 0, 0, 1, 0, 1]",5
518,0.4,7.813011611938478e-06,0,"[0, 0, 0, 1, 1, 0]",6
519,0.4,5.375758708953858e-06,0,"[0, 0, 0, 1, 1, 1]",7
520,0.4,7.813011611938478e-06,1,"[0, 0, 1, 0, 0, 0]",8
521,0.4,5.413011611938477e-06,1,"[0, 0, 1, 0, 0, 1]",9
522,0.4,7.850264514923097e-06,0,"[0, 0, 1, 0, 1, 0]",10
523,0.4,5.413011611938477e-06,0,"[0, 0, 1, 0, 1, 1]",11
524,0.4,7.813011611938478e-06,0,"[0, 0, 1, 1, 0, 0]",12
525,0.4,5.413011611938477e-06,0,"[0, 0, 1, 1, 0, 1]",13
526,0.4,5.375758708953858e-06,0,"[0, 0, 1, 1, 1, 0]",14
527,0.4,2.9385058059692387e-06,0,"[0, 0, 1, 1, 1, 1]",15
528,0.4,7.850264514923097e-06,1,"[0, 1, 0, 0, 0, 0]",16
529,0.4,7.850264514923097e-06,0,"[0, 1, 0, 0, 0, 1]",17
530,0.4,7.850264514923097e-06,0,"[0, 1, 0, 0, 1, 0]",18
531,0.4,5.413011611938477e-06,0,"[0, 1, 0, 0, 1, 1]",19
532,0.4,7.850264514923097e-06,0,"[0, 1, 0, 1, 0, 0]",20
533,0.4,5.4502645149230965e-06,0,"[0, 1, 0, 1, 0, 1]",21
534,0.4,5.413011611938477e-06,0,"[0, 1, 0, 1, 1, 0]",22
535,0.4,2.975758708953858e-06,0,"[0, 1, 0, 1, 1, 1]",23
536,0.4,7.813011611938478e-06,0,"[0, 1, 1, 0, 0, 0]",24
537,0.4,5.413011611938477e-06,0,"[0, 1, 1, 0, 0, 1]",25
538,0.4,5.413011611938477e-06,0,"[0, 1, 1, 0, 1, 0]",26
539,0.4,2.975758708953858e-06,0,"[0, 1, 1, 0, 1, 1]",27
540,0.4,5.375758708953858e-06,0,"[0, 1, 1, 1, 0, 0]",28
541,0.4,2.975758708953858e-06,0,"[0, 1, 1, 1, 0, 1]",29
542,0.4,2.9385058059692387e-06,0,"[0, 1, 1, 1, 1, 0]",30
543,0.4,5.012529029846192e-07,0,"[0, 1, 1, 1, 1, 1]",31
544,0.4,1.0250264514923098e-05,2,"[1, 0, 0, 0, 0, 0]",32
545,0.4,7.850264514923097e-06,2,"[1, 0, 0, 0, 0, 1]",33
546,0.4,7.850264514923097e-06,2,"[1, 0, 0, 0, 1, 0]",34
547,0.4,5.413011611938477e-06,2,"[1, 0, 0, 0, 1, 1]",35
548,0.4,7.850264514923097e-06,2,"[1, 0, 0, 1, 0, 0]",36
549,0.4,7.850264514923097e-06,1,"[1, 0, 0, 1, 0, 1]",37
550,0.4,7.813011611938478e-06,1,"[1, 0, 0, 1, 1, 0]",38
551,0.4,5.375758708953858e-06,1,"[1, 0, 0, 1, 1, 1]",39
552,0.4,7.813011611938478e-06,2,"[1, 0, 1, 0, 0, 0]",40
553,0.4,5.413011611938477e-06,2,"[1, 0, 1, 0, 0, 1]",41
554,0.4,7.850264514923097e-06,1,"[1, 0, 1, 0, 1, 0]",42
555,0.4,5.413011611938477e-06,1,"[1, 0, 1, 0, 1, 1]",43
556,0.4,5.375758708953858e-06,2,"[1, 0, 1, 1, 0, 0]",44
557,0.4,5.413011611938477e-06,1,"[1, 0, 1, 1, 0, 1]",45
558,0.4,5.375758708953858e-06,1,"[1, 0, 1, 1, 1, 0]",46
559,0.4,2.9385058059692387e-06,1,"[1, 0, 1, 1, 1, 1]",47
560,0.4,7.850264514923097e-06,2,"[1, 1, 0, 0, 0, 0]",48
561,0.4,7.850264514923097e-06,1,"[1, 1, 0, 0, 0, 1]",49
562,0.4,7.850264514923097e-06,1,"[1, 1, 0, 0, 1, 0]",50
563,0.4,5.413011611938477e-06,1,"[1, 1, 0, 0, 1, 1]",51
564,0.4,7.850264514923097e-06,1,"[1, 1, 0, 1, 0, 0]",52
565,0.4,5.4502645149230965e-06,1,"[1, 1, 0, 1, 0, 1]",53
566,0.4,5.413011611938477e-06,1,"[1, 1, 0, 1, 1, 0]",54
567,0.4,2.975758708953858e-06,1,"[1, 1, 0, 1, 1, 1]",55
568,0.4,7.813011611938478e-06,1,"[1, 1, 1, 0, 0, 0]",56
569,0.4,5.413011611938477e-06,1,"[1, 1, 1, 0, 0, 1]",57
570,0.4,5.413011611938477e-06,1,"[1, 1, 1, 0, 1, 0]",58
571,0.4,2.975758708953858e-06,1,"[1, 1, 1, 0, 1, 1]",59
572,0.4,5.375758708953858e-06,1,"[1, 1, 1, 1, 0, 0]",60
573,0.4,2.975758708953858e-06,1,"[1, 1, 1, 1, 0, 1]",61
574,0.4,2.9385058059692387e-06,1,"[1, 1, 1, 1, 1, 0]",62
575,0.4,5.012529029846192e-07,1,"[1, 1, 1, 1, 1, 1]",63
576,0.45,1.2650264514923099e-05,0,"[0, 0, 0, 0, 0, 0]",0
577,0.45,7.850264514923097e-06,1,"[0, 0, 0, 0, 0, 1]",1
578,0.45,7.850264514923097e-06,1,"[0, 0, 0, 0, 1, 0]",2
579,0.45,5.413011611938477e-06,1,"[0, 0, 0, 0, 1, 1]",3
580,0.45,7.850264514923097e-06,1,"[0, 0, 0, 1, 0, 0]",4
581,0.45,7.850264514923097e-06,0,"[0, 0, 0, 1, 0, 1]",5
582,0.45,7.813011611938478e-06,0,"[0, 0, 0, 1, 1, 0]",6
583,0.45,5.375758708953858e-06,0,"[0, 0, 0, 1, 1, 1]",7
584,0.45,7.850264514923097e-06,1,"[0, 0, 1, 0, 0, 0]",8
585,0.45,5.413011611938477e-06,1,"[0, 0, 1, 0, 0, 1]",9
586,0.45,7.850264514923097e-06,0,"[0, 0, 1, 0, 1, 0]",10
587,0.45,5.413011611938477e-06,0,"[0, 0, 1, 0, 1, 1]",11
588,0.45,7.813011611938478e-06,0,"[0, 0, 1, 1, 0, 0]",12
589,0.45,5.413011611938477e-06,0,"[0, 0, 1, 1, 0, 1]",13
590,0.45,5.375758708953858e-06,0,"[0, 0, 1, 1, 1, 0]",14
591,0.45,2.9385058059692387e-06,0,"[0, 0, 1, 1, 1, 1]",15
592,0.45,1.0250264514923098e-05,0,"[0, 1, 0, 0, 0, 0]",16
593,0.45,7.850264514923097e-06,0,"[0, 1, 0, 0, 0, 1]",17
594,0.45,7.850264514923097e-06,0,"[0, 1, 0, 0, 1, 0]",18
595,0.45,5.413011611938477e-06,0,"[0, 1, 0, 0, 1, 1]",19
596,0.45,7.850264514923097e-06,0,"[0, 1, 0, 1, 0, 0]",20
597,0.45,5.4502645149230965e-06,0,"[0, 1, 0, 1, 0, 1]",21
598,0.45,5.413011611938477e-06,0,"[0, 1, 0, 1, 1, 0]",22
599,0.45,2.975758708953858e-06,0,"[0, 1, 0, 1, 1, 1]",23
600,0.45,7.813011611938478e-06,0,"[0, 1, 1, 0, 0, 0]",24
601,0.45,5.413011611938477e-06,0,"[0, 1, 1, 0, 0, 1]",25
602,0.45,5.413011611938477e-06,0,"[0, 1, 1, 0, 1, 0]",26
603,0.45,2.975758708953858e-06,0,"[0, 1, 1, 0, 1, 1]",27
604,0.45,5.375758708953858e-06,0,"[0, 1, 1, 1, 0, 0]",28
605,0.45,2.975758708953858e-06,0,"[0, 1, 1, 1, 0, 1]",29
606,0.45,2.9385058059692387e-06,0,"[0, 1, 1, 1, 1, 0]",30
607,0.45,5.012529029846192e-07,0,"[0, 1, 1, 1, 1, 1]",31
608,0.45,1.2650264514923099e-05,1,"[1, 0, 0, 0, 0, 0]",32
609,0.45,7.850264514923097e-06,2,"[1, 0, 0, 0, 0, 1]",33
610,0.45,7.850264514923097e-06,2,"[1, 0, 0, 0, 1, 0]",34
611,0.45,5.413011611938477e-06,2,"[1, 0, 0, 0, 1, 1]",35
612,0.45,7.850264514923097e-06,2,"[1, 0, 0, 1, 0, 0]",36
613,0.45,7.850264514923097e-06,1,"[1, 0, 0, 1, 0, 1]",37
614,0.45,7.813011611938478e-06,1,"[1, 0, 0, 1, 1, 0]",38
615,0.45,5.375758708953858e-06,1,"[1, 0, 0, 1, 1, 1]",39
616,0.45,7.850264514923097e-06,2,"[1, 0, 1, 0, 0, 0]",40
617,0.45,5.413011611938477e-06,2,"[1, 0, 1, 0, 0, 1]",41
618,0.45,7.850264514923097e-06,1,"[1, 0, 1, 0, 1, 0]",42
619,0.45,5.413011611938477e-06,1,"[1, 0, 1, 0, 1, 1]",43
620,0.45,5.375758708953858e-06,2,"[1, 0, 1, 1, 0, 0]",44
621,0.45,5.413011611938477e-06,1,"[1, 0, 1, 1, 0, 1]",45
622,0.45,5.375758708953858e-06,1,"[1, 0, 1, 1, 1, 0]",46
623,0.45,2.9385058059692387e-06,1,"[1, 0, 1, 1, 1, 1]",47
624,0.45,1.0250264514923098e-05,1,"[1, 1, 0, 0, 0, 0]",48
625,0.45,7.850264514923097e-06,1,"[1, 1, 0, 0, 0, 1]",49
626,0.45,7.850264514923097e-06,1,"[1, 1, 0, 0, 1, 0]",50
627,0.45,5.413011611938477e-06,1,"[1, 1, 0, 0, 1, 1]",51
628,0.45,7.850264514923097e-06,1,"[1, 1, 0, 1, 0, 0]",52
629,0.45,5.4502645149230965e-06,1,"[1, 1, 0, 1, 0, 1]",53
630,0.45,5.413011611938477e-06,1,"[1, 1, 0, 1, 1, 0]",54
631,0.45,2.975758708953858e-06,1,"[1, 1, 0, 1, 1, 1]",55
632,0.45,7.813011611938478e-06,1,"[1, 1, 1, 0, 0, 0]",56
633,0.45,5.413011611938477e-06,1,"[1, 1, 1, 0, 0, 1]",57
634,0.45,5.413011611938477e-06,1,"[1, 1, 1, 0, 1, 0]",58
635,0.45,2.975758708953858e-06,1,"[1, 1, 1, 0, 1, 1]",59
636,0.45,5.375758708953858e-06,1,"[1, 1, 1, 1, 0, 0]",60
637,0.45,2.975758708953858e-06,1,"[1, 1, 1, 1, 0, 1]",61
638,0.45,2.9385058059692387e-06,1,"[1, 1, 1, 1, 1, 0]",62
639,0.45,5.012529029846192e-07,1,"[1, 1, 1, 1, 1, 1]",63
640,0.5,1.0250264514923098e-05,1,"[0, 0, 0, 0, 0, 0]",0
641,0.5,7.850264514923097e-06,1,"[0, 0, 0, 0, 0, 1]",1
642,0.5,7.850264514923097e-06,1,"[0, 0, 0, 0, 1, 0]",2
643,0.5,5.413011611938477e-06,1,"[0, 0, 0, 0, 1, 1]",3
644,0.5,7.850264514923097e-06,1,"[0, 0, 0, 1, 0, 0]",4
645,0.5,7.850264514923097e-06,0,"[0, 0, 0, 1, 0, 1]",5
646,0.5,7.813011611938478e-06,0,"[0, 0, 0, 1, 1, 0]",6
647,0.5,5.375758708953858e-06,0,"[0, 0, 0, 1, 1, 1]",7
648,0.5,1.0250264514923098e-05,0,"[0, 0, 1, 0, 0, 0]",8
649,0.5,5.413011611938477e-06,1,"[0, 0, 1, 0, 0, 1]",9
650,0.5,7.850264514923097e-06,0,"[0, 0, 1, 0, 1, 0]",10
651,0.5,5.413011611938477e-06,0,"[0, 0, 1, 0, 1, 1]",11
652,0.5,7.813011611938478e-06,0,"[0, 0, 1, 1, 0, 0]",12
653,0.5,5.413011611938477e-06,0,"[0, 0, 1, 1, 0, 1]",13
654,0.5,5.375758708953858e-06,0,"[0, 0, 1, 1, 1, 0]",14
655,0.5,2.9385058059692387e-06,0,"[0, 0, 1, 1, 1, 1]",15
656,0.5,7.850264514923097e-06,1,"[0, 1, 0, 0, 0, 0]",16
657,0.5,7.850264514923097e-06,0,"[0, 1, 0, 0, 0, 1]",17
658,0.5,7.850264514923097e-06,0,"[0, 1, 0, 0, 1, 0]",18
659,0.5,5.413011611938477e-06,0,"[0, 1, 0, 0, 1, 1]",19
660,0.5,7.850264514923097e-06,0,"[0, 1, 0, 1, 0, 0]",20
661,0.5,5.4502645149230965e-06,0,"[0, 1, 0, 1, 0, 1]",21
662,0.5,5.413011611938477e-06,0,"[0, 1, 0, 1, 1, 0]",22
663,0.5,2.975758708953858e-06,0,"[0, 1, 0, 1, 1, 1]",23
664,0.5,7.813011611938478e-06,0,"[0, 1, 1, 0, 0, 0]",24
665,0.5,5.413011611938477e-06,0,"[0, 1, 1, 0, 0, 1]",25
666,0.5,5.413011611938477e-06,0,"[0, 1, 1, 0, 1, 0]",26
667,0.5,2.975758708953858e-06,0,"[0, 1, 1, 0, 1, 1]",27
668,0.5,5.375758708953858e-06,0,"[0, 1, 1, 1, 0, 0]",28
669,0.5,2.975758708953858e-06,0,"[0, 1, 1, 1, 0, 1]",29
670,0.5,2.9385058059692387e-06,0,"[0, 1, 1, 1, 1, 0]",30
671,0.5,5.012529029846192e-07,0,"[0, 1, 1, 1, 1, 1]",31
672,0.5,1.0250264514923098e-05,2,"[1, 0, 0, 0, 0, 0]",32
673,0.5,7.850264514923097e-06,2,"[1, 0, 0, 0, 0, 1]",33
674,0.5,7.850264514923097e-06,2,"[1, 0, 0, 0, 1, 0]",34
675,0.5,5.413011611938477e-06,2,"[1, 0, 0, 0, 1, 1]",35
676,0.5,7.850264514923097e-06,2,"[1, 0, 0, 1, 0, 0]",36
677,0.5,7.850264514923097e-06,1,"[1, 0, 0, 1, 0, 1]",37
678,0.5,7.813011611938478e-06,1,"[1, 0, 0, 1, 1, 0]",38
679,0.5,5.375758708953858e-06,1,"[1, 0, 0, 1, 1, 1]",39
680,0.5,1.0250264514923098e-05,1,"[1, 0, 1, 0, 0, 0]",40
681,0.5,5.413011611938477e-06,2,"[1, 0, 1, 0, 0, 1]",41
682,0.5,7.850264514923097e-06,1,"[1, 0, 1, 0, 1, 0]",42
683,0.5,5.413011611938477e-06,1,"[1, 0, 1, 0, 1, 1]",43
684,0.5,7.813011611938478e-06,1,"[1, 0, 1, 1, 0, 0]",44
685,0.5,5.413011611938477e-06,1,"[1, 0, 1, 1, 0, 1]",45
686,0.5,5.375758708953858e-06,1,"[1, 0, 1, 1, 1, 0]",46
687,0.5,2.9385058059692387e-06,1,"[1, 0, 1, 1, 1, 1]",47
688,0.5,7.850264514923097e-06,2,"[1, 1, 0, 0, 0, 0]",48
689,0.5,7.850264514923097e-06,1,"[1, 1, 0, 0, 0, 1]",49
690,0.5,7.850264514923097e-06,1,"[1, 1, 0, 0, 1, 0]",50
691,0.5,5.413011611938477e-06,1,"[1, 1, 0, 0, 1, 1]",51
692,0.5,7.850264514923097e-06,1,"[1, 1, 0, 1, 0, 0]",52
693,0.5,5.4502645149230965e-06,1,"[1, 1, 0, 1, 0, 1]",53
694,0.5,5.413011611938477e-06,1,"[1, 1, 0, 1, 1, 0]",54
695,0.5,2.975758708953858e-06,1,"[1, 1, 0, 1, 1, 1]",55
696,0.5,7.813011611938478e-06,1,"[1, 1, 1, 0, 0, 0]",56
697,0.5,5.413011611938477e-06,1,"[1, 1, 1, 0, 0, 1]",57
698,0.5,5.413011611938477e-06,1,"[1, 1, 1, 0, 1, 0]",58
699,0.5,2.975758708953858e-06,1,"[1, 1, 1, 0, 1, 1]",59
700,0.5,5.375758708953858e-06,1,"[1, 1, 1, 1, 0, 0]",60
701,0.5,2.975758708953858e-06,1,"[1, 1, 1, 1, 0, 1]",61
702,0.5,2.9385058059692387e-06,1,"[1, 1, 1, 1, 1, 0]",62
703,0.5,5.012529029846192e-07,1,"[1, 1, 1, 1, 1, 1]",63
704,0.55,1.0250264514923098e-05,1,"[0, 0, 0, 0, 0, 0]",0
705,0.55,1.0250264514923098e-05,0,"[0, 0, 0, 0, 0, 1]",1
706,0.55,7.850264514923097e-06,1,"[0, 0, 0, 0, 1, 0]",2
707,0.55,5.413011611938477e-06,1,"[0, 0, 0, 0, 1, 1]",3
708,0.55,7.850264514923097e-06,1,"[0, 0, 0, 1, 0, 0]",4
709,0.55,7.850264514923097e-06,0,"[0, 0, 0, 1, 0, 1]",5
710,0.55,7.813011611938478e-06,0,"[0, 0, 0, 1, 1, 0]",6
711,0.55,5.375758708953858e-06,0,"[0, 0, 0, 1, 1, 1]",7
712,0.55,1.0250264514923098e-05,0,"[0, 0, 1, 0, 0, 0]",8
713,0.55,5.413011611938477e-06,1,"[0, 0, 1, 0, 0, 1]",9
714,0.55,7.850264514923097e-06,0,"[0, 0, 1, 0, 1, 0]",10
715,0.55,5.413011611938477e-06,0,"[0, 0, 1, 0, 1, 1]",11
716,0.55,7.813011611938478e-06,0,"[0, 0, 1, 1, 0, 0]",12
717,0.55,5.413011611938477e-06,0,"[0, 0, 1, 1, 0, 1]",13
718,0.55,5.375758708953858e-06,0,"[0, 0, 1, 1, 1, 0]",14
719,0.55,2.9385058059692387e-06,0,"[0, 0, 1, 1, 1, 1]",15
720,0.55,7.850264514923097e-06,1,"[0, 1, 0, 0, 0, 0]",16
721,0.55,7.850264514923097e-06,0,"[0, 1, 0, 0, 0, 1]",17
722,0.55,7.850264514923097e-06,0,"[0, 1, 0, 0, 1, 0]",18
723,0.55,5.413011611938477e-06,0,"[0, 1, 0, 0, 1, 1]",19
724,0.55,7.850264514923097e-06,0,"[0, 1, 0, 1, 0, 0]",20
725,0.55,5.4502645149230965e-06,0,"[0, 1, 0, 1, 0, 1]",21
726,0.55,5.413011611938477e-06,0,"[0, 1, 0, 1, 1, 0]",22
727,0.55,2.975758708953858e-06,0,"[0, 1, 0, 1, 1, 1]",23
728,0.55,7.813011611938478e-06,0,"[0, 1, 1, 0, 0, 0]",24
729,0.55,5.413011611938477e-06,0,"[0, 1, 1, 0, 0, 1]",25
730,0.55,5.413011611938477e-06,0,"[0, 1, 1, 0, 1, 0]",26
731,0.55,2.975758708953858e-06,0,"[0, 1, 1, 0, 1, 1]",27
732,0.55,5.375758708953858e-06,0,"[0, 1, 1, 1, 0, 0]",28
733,0.55,2.975758708953858e-06,0,"[0, 1, 1, 1, 0, 1]",29
734,0.55,2.9385058059692387e-06,0,"[0, 1, 1, 1, 1, 0]",30
735,0.55,5.012529029846192e-07,0,"[0, 1, 1, 1, 1, 1]",31
736,0.55,1.0250264514923098e-05,2,"[1, 0, 0, 0, 0, 0]",32
737,0.55,1.0250264514923098e-05,1,"[1, 0, 0, 0, 0, 1]",33
738,0.55,7.850264514923097e-06,2,"[1, 0, 0, 0, 1, 0]",34
739,0.55,5.413011611938477e-06,2,"[1, 0, 0, 0, 1, 1]",35
740,0.55,7.850264514923097e-06,2,"[1, 0, 0, 1, 0, 0]",36
741,0.55,7.850264514923097e-06,1,"[1, 0, 0, 1, 0, 1]",37
742,0.55,7.813011611938478e-06,1,"[1, 0, 0, 1, 1, 0]",38
743,0.55,5.375758708953858e-06,1,"[1, 0, 0, 1, 1, 1]",39
744,0.55,1.0250264514923098e-05,1,"[1, 0, 1, 0, 0, 0]",40
745,0.55,5.413011611938477e-06,2,"[1, 0, 1, 0, 0, 1]",41
746,0.55,7.850264514923097e-06,1,"[1, 0, 1, 0, 1, 0]",42
747,0.55,5.413011611938477e-06,1,"[1, 0, 1, 0, 1, 1]",43
748,0.55,7.813011611938478e-06,1,"[1, 0, 1, 1, 0, 0]",44
749,0.55,5.413011611938477e-06,1,"[1, 0, 1, 1, 0, 1]",45
750,0.55,5.375758708953858e-06,1,"[1, 0, 1, 1, 1, 0]",46
751,0.55,2.9385058059692387e-06,1,"[1, 0, 1, 1, 1, 1]",47
752,0.55,7.850264514923097e-06,2,"[1, 1, 0, 0, 0, 0]",48
753,0.55,7.850264514923097e-06,1,"[1, 1, 0, 0, 0, 1]",49
754,0.55,7.850264514923097e-06,1,"[1, 1, 0, 0, 1, 0]",50
755,0.55,5.413011611938477e-06,1,"[1, 1, 0, 0, 1, 1]",51
756,0.55,7.850264514923097e-06,1,"[1, 1, 0, 1, 0, 0]",52
757,0.55,5.4502645149230965e-06,1,"[1, 1, 0, 1, 0, 1]",53
758,0.55,5.413011611938477e-06,1,"[1, 1, 0, 1, 1, 0]",54
759,0.55,2.975758708953858e-06,1,"[1, 1, 0, 1, 1, 1]",55
760,0.55,7.813011611938478e-06,1,"[1, 1, 1, 0, 0, 0]",56
761,0.55,5.413011611938477e-06,1,"[1, 1, 1, 0, 0, 1]",57
762,0.55,5.413011611938477e-06,1,"[1, 1, 1, 0, 1, 0]",58
763,0.55,2.975758708953858e-06,1,"[1, 1, 1, 0, 1, 1]",59
764,0.55,5.375758708953858e-06,1,"[1, 1, 1, 1, 0, 0]",60
765,0.55,2.975758708953858e-06,1,"[1, 1, 1, 1, 0, 1]",61
766,0.55,2.9385058059692387e-06,1,"[1, 1, 1, 1, 1, 0]",62
767,0.55,5.012529029846192e-07,1,"[1, 1, 1, 1, 1, 1]",63
768,0.6,1.2650264514923099e-05,0,"[0, 0, 0, 0, 0, 0]",0
769,0.6,7.850264514923097e-06,1,"[0, 0, 0, 0, 0, 1]",1
770,0.6,7.850264514923097e-06,1,"[0, 0, 0, 0, 1, 0]",2
771,0.6,7.813011611938478e-06,0,"[0, 0, 0, 0, 1, 1]",3
772,0.6,7.850264514923097e-06,1,"[0, 0, 0, 1, 0, 0]",4
773,0.6,7.850264514923097e-06,0,"[0, 0, 0, 1, 0, 1]",5
774,0.6,7.813011611938478e-06,0,"[0, 0, 0, 1, 1, 0]",6
775,0.6,5.375758708953858e-06,0,"[0, 0, 0, 1, 1, 1]",7
776,0.6,1.0250264514923098e-05,0,"[0, 0, 1, 0, 0, 0]",8
777,0.6,5.413011611938477e-06,1,"[0, 0, 1, 0, 0, 1]",9
778,0.6,7.850264514923097e-06,0,"[0, 0, 1, 0, 1, 0]",10
779,0.6,5.413011611938477e-06,0,"[0, 0, 1, 0, 1, 1]",11
780,0.6,5.375758708953858e-06,1,"[0, 0, 1, 1, 0, 0]",12
781,0.6,5.413011611938477e-06,0,"[0, 0, 1, 1, 0, 1]",13
782,0.6,5.375758708953858e-06,0,"[0, 0, 1, 1, 1, 0]",14
783,0.6,2.9385058059692387e-06,0,"[0, 0, 1, 1, 1, 1]",15
784,0.6,7.850264514923097e-06,1,"[0, 1, 0, 0, 0, 0]",16
785,0.6,7.850264514923097e-06,0,"[0, 1, 0, 0, 0, 1]",17
786,0.6,7.850264514923097e-06,0,"[0, 1, 0, 0, 1, 0]",18
787,0.6,5.413011611938477e-06,0,"[0, 1, 0, 0, 1, 1]",19
788,0.6,7.850264514923097e-06,0,"[0, 1, 0, 1, 0, 0]",20
789,0.6,5.4502645149230965e-06,0,"[0, 1, 0, 1, 0, 1]",21
790,0.6,5.413011611938477e-06,0,"[0, 1, 0, 1, 1, 0]",22
791,0.6,2.975758708953858e-06,0,"[0, 1, 0, 1, 1, 1]",23
792,0.6,7.813011611938478e-06,0,"[0, 1, 1, 0, 0, 0]",24
793,0.6,5.413011611938477e-06,0,"[0, 1, 1, 0, 0, 1]",25
794,0.6,5.413011611938477e-06,0,"[0, 1, 1, 0, 1, 0]",26
795,0.6,2.975758708953858e-06,0,"[0, 1, 1, 0, 1, 1]",27
796,0.6,5.375758708953858e-06,0,"[0, 1, 1, 1, 0, 0]",28
797,0.6,2.975758708953858e-06,0,"[0, 1, 1, 1, 0, 1]",29
798,0.6,2.9385058059692387e-06,0,"[0, 1, 1, 1, 1, 0]",30
799,0.6,5.012529029846192e-07,0,"[0, 1, 1, 1, 1, 1]",31
800,0.6,1.2650264514923099e-05,1,"[1, 0, 0, 0, 0, 0]",32
801,0.6,1.0250264514923098e-05,1,"[1, 0, 0, 0, 0, 1]",33
802,0.6,7.850264514923097e-06,2,"[1, 0, 0, 0, 1, 0]",34
803,0.6,7.813011611938478e-06,1,"[1, 0, 0, 0, 1, 1]",35
804,0.6,7.850264514923097e-06,2,"[1, 0, 0, 1, 0, 0]",36
805,0.6,7.850264514923097e-06,1,"[1, 0, 0, 1, 0, 1]",37
806,0.6,7.813011611938478e-06,1,"[1, 0, 0, 1, 1, 0]",38
807,0.6,5.375758708953858e-06,1,"[1, 0, 0, 1, 1, 1]",39
808,0.6,1.0250264514923098e-05,1,"[1, 0, 1, 0, 0, 0]",40
809,0.6,5.413011611938477e-06,2,"[1, 0, 1, 0, 0, 1]",41
810,0.6,7.850264514923097e-06,1,"[1, 0, 1, 0, 1, 0]",42
811,0.6,5.413011611938477e-06,1,"[1, 0, 1, 0, 1, 1]",43
812,0.6,5.375758708953858e-06,2,"[1, 0, 1, 1, 0, 0]",44
813,0.6,5.413011611938477e-06,1,"[1, 0, 1, 1, 0, 1]",45
814,0.6,5.375758708953858e-06,1,"[1, 0, 1, 1, 1, 0]",46
815,0.6,2.9385058059692387e-06,1,"[1, 0, 1, 1, 1, 1]",47
816,0.6,7.850264514923097e-06,2,"[1, 1, 0, 0, 0, 0]",48
817,0.6,7.850264514923097e-06,1,"[1, 1, 0, 0, 0, 1]",49
818,0.6,7.850264514923097e-06,1,"[1, 1, 0, 0, 1, 0]",50
819,0.6,5.413011611938477e-06,1,"[1, 1, 0, 0, 1, 1]",51
820,0.6,7.850264514923097e-06,1,"[1, 1, 0, 1, 0, 0]",52
821,0.6,5.4502645149230965e-06,1,"[1, 1, 0, 1, 0, 1]",53
822,0.6,5.413011611938477e-06,1,"[1, 1, 0, 1, 1, 0]",54
823,0.6,2.975758708953858e-06,1,"[1, 1, 0, 1, 1, 1]",55
824,0.6,7.813011611938478e-06,1,"[1, 1, 1, 0, 0, 0]",56
825,0.6,5.413011611938477e-06,1,"[1, 1, 1, 0, 0, 1]",57
826,0.6,5.413011611938477e-06,1,"[1, 1, 1, 0, 1, 0]",58
827,0.6,2.975758708953858e-06,1,"[1, 1, 1, 0, 1, 1]",59
828,0.6,5.375758708953858e-06,1,"[1, 1, 1, 1, 0, 0]",60
829,0.6,2.975758708953858e-06,1,"[1, 1, 1, 1, 0, 1]",61
830,0.6,2.9385058059692387e-06,1,"[1, 1, 1, 1, 1, 0]",62
831,0.6,5.012529029846192e-07,1,"[1, 1, 1, 1, 1, 1]",63
832,0.65,1.2650264514923099e-05,0,"[0, 0, 0, 0, 0, 0]",0
833,0.65,1.0250264514923098e-05,0,"[0, 0, 0, 0, 0, 1]",1
834,0.65,7.850264514923097e-06,1,"[0, 0, 0, 0, 1, 0]",2
835,0.65,7.813011611938478e-06,0,"[0, 0, 0, 0, 1, 1]",3
836,0.65,7.850264514923097e-06,1,"[0, 0, 0, 1, 0, 0]",4
837,0.65,7.850264514923097e-06,0,"[0, 0, 0, 1, 0, 1]",5
838,0.65,7.813011611938478e-06,0,"[0, 0, 0, 1, 1, 0]",6
839,0.65,5.375758708953858e-06,0,"[0, 0, 0, 1, 1, 1]",7
840,0.65,1.0250264514923098e-05,0,"[0, 0, 1, 0, 0, 0]",8
841,0.65,5.413011611938477e-06,1,"[0, 0, 1, 0, 0, 1]",9
842,0.65,7.850264514923097e-06,0,"[0, 0, 1, 0, 1, 0]",10
843,0.65,5.413011611938477e-06,0,"[0, 0, 1, 0, 1, 1]",11
844,0.65,5.375758708953858e-06,1,"[0, 0, 1, 1, 0, 0]",12
845,0.65,5.413011611938477e-06,0,"[0, 0, 1, 1, 0, 1]",13
846,0.65,5.375758708953858e-06,0,"[0, 0, 1, 1, 1, 0]",14
847,0.65,2.9385058059692387e-06,0,"[0, 0, 1, 1, 1, 1]",15
848,0.65,7.850264514923097e-06,1,"[0, 1, 0, 0, 0, 0]",16
849,0.65,7.850264514923097e-06,0,"[0, 1, 0, 0, 0, 1]",17
850,0.65,7.850264514923097e-06,0,"[0, 1, 0, 0, 1, 0]",18
851,0.65,5.413011611938477e-06,0,"[0, 1, 0, 0, 1, 1]",19
852,0.65,7.850264514923097e-06,0,"[0, 1, 0, 1, 0, 0]",20
853,0.65,5.4502645149230965e-06,0,"[0, 1, 0, 1, 0, 1]",21
854,0.65,5.413011611938477e-06,0,"[0, 1, 0, 1, 1, 0]",22
855,0.65,2.975758708953858e-06,0,"[0, 1, 0, 1, 1, 1]",23
856,0.65,7.813011611938478e-06,0,"[0, 1, 1, 0, 0, 0]",24
857,0.65,5.413011611938477e-06,0,"[0, 1, 1, 0, 0, 1]",25
858,0.65,5.413011611938477e-06,0,"[0, 1, 1, 0, 1, 0]",26
859,0.65,2.975758708953858e-06,0,"[0, 1, 1, 0, 1, 1]",27
860,0.65,5.375758708953858e-06,0,"[0, 1, 1, 1, 0, 0]",28
861,0.65,2.975758708953858e-06,0,"[0, 1, 1, 1, 0, 1]",29
862,0.65,2.9385058059692387e-06,0,"[0, 1, 1, 1, 1, 0]",30
863,0.65,5.012529029846192e-07,0,"[0, 1, 1, 1, 1, 1]",31
864,0.65,1.2650264514923099e-05,1,"[1, 0, 0, 0, 0, 0]",32
865,0.65,7.850264514923097e-06,2,"[1, 0, 0, 0, 0, 1]",33
866,0.65,7.850264514923097e-06,2,"[1, 0, 0, 0, 1, 0]",34
867,0.65,7.813011611938478e-06,1,"[1, 0, 0, 0, 1, 1]",35
868,0.65,7.850264514923097e-06,2,"[1, 0, 0, 1, 0, 0]",36
869,0.65,7.850264514923097e-06,1,"[1, 0, 0, 1, 0, 1]",37
870,0.65,7.813011611938478e-06,1,"[1, 0, 0, 1, 1, 0]",38
871,0.65,5.375758708953858e-06,1,"[1, 0, 0, 1, 1, 1]",39
872,0.65,1.0250264514923098e-05,1,"[1, 0, 1, 0, 0, 0]",40
873,0.65,5.413011611938477e-06,2,"[1, 0, 1, 0, 0, 1]",41
874,0.65,7.850264514923097e-06,1,"[1, 0, 1, 0, 1, 0]",42
875,0.65,5.413011611938477e-06,1,"[1, 0, 1, 0, 1, 1]",43
876,0.65,5.375758708953858e-06,2,"[1, 0, 1, 1, 0, 0]",44
877,0.65,5.413011611938477e-06,1,"[1, 0, 1, 1, 0, 1]",45
878,0.65,5.375758708953858e-06,1,"[1, 0, 1, 1, 1, 0]",46
879,0.65,2.9385058059692387e-06,1,"[1, 0, 1, 1, 1, 1]",47
880,0.65,7.850264514923097e-06,2,"[1, 1, 0, 0, 0, 0]",48
881,0.65,7.850264514923097e-06,1,"[1, 1, 0, 0, 0, 1]",49
882,0.65,7.850264514923097e-06,1,"[1, 1, 0, 0, 1, 0]",50
883,0.65,5.413011611938477e-06,1,"[1, 1, 0, 0, 1, 1]",51
884,0.65,7.850264514923097e-06,1,"[1, 1, 0, 1, 0, 0]",52
885,0.65,5.4502645149230965e-06,1,"[1, 1, 0, 1, 0, 1]",53
886,0.65,5.413011611938477e-06,1,"[1, 1, 0, 1, 1, 0]",54
887,0.65,2.975758708953858e-06,1,"[1, 1, 0, 1, 1, 1]",55
888,0.65,7.813011611938478e-06,1,"[1, 1, 1, 0, 0, 0]",56
889,0.65,5.413011611938477e-06,1,"[1, 1, 1, 0, 0, 1]",57
890,0.65,5.413011611938477e-06,1,"[1, 1, 1, 0, 1, 0]",58
891,0.65,2.975758708953858e-06,1,"[1, 1, 1, 0, 1, 1]",59
892,0.65,5.375758708953858e-06,1,"[1, 1, 1, 1, 0, 0]",60
893,0.65,2.975758708953858e-06,1,"[1, 1, 1, 1, 0, 1]",61
894,0.65,2.9385058059692387e-06,1,"[1, 1, 1, 1, 1, 0]",62
895,0.65,5.012529029846192e-07,1,"[1, 1, 1, 1, 1, 1]",63
896,0.7,1.2650264514923099e-05,0,"[0, 0, 0, 0, 0, 0]",0
897,0.7,7.850264514923097e-06,1,"[0, 0, 0, 0, 0, 1]",1
898,0.7,7.850264514923097e-06,1,"[0, 0, 0, 0, 1, 0]",2
899,0.7,7.813011611938478e-06,0,"[0, 0, 0, 0, 1, 1]",3
900,0.7,7.850264514923097e-06,1,"[0, 0, 0, 1, 0, 0]",4
901,0.7,7.850264514923097e-06,0,"[0, 0, 0, 1, 0, 1]",5
902,0.7,7.813011611938478e-06,0,"[0, 0, 0, 1, 1, 0]",6
903,0.7,5.375758708953858e-06,0,"[0, 0, 0, 1, 1, 1]",7
904,0.7,7.850264514923097e-06,1,"[0, 0, 1, 0, 0, 0]",8
905,0.7,5.413011611938477e-06,1,"[0, 0, 1, 0, 0, 1]",9
906,0.7,7.850264514923097e-06,0,"[0, 0, 1, 0, 1, 0]",10
907,0.7,5.413011611938477e-06,0,"[0, 0, 1, 0, 1, 1]",11
908,0.7,7.813011611938478e-06,0,"[0, 0, 1, 1, 0, 0]",12
909,0.7,5.413011611938477e-06,0,"[0, 0, 1, 1, 0, 1]",13
910,0.7,5.375758708953858e-06,0,"[0, 0, 1, 1, 1, 0]",14
911,0.7,2.9385058059692387e-06,0,"[0, 0, 1, 1, 1, 1]",15
912,0.7,1.0250264514923098e-05,0,"[0, 1, 0, 0, 0, 0]",16
913,0.7,7.850264514923097e-06,0,"[0, 1, 0, 0, 0, 1]",17
914,0.7,7.850264514923097e-06,0,"[0, 1, 0, 0, 1, 0]",18
915,0.7,5.413011611938477e-06,0,"[0, 1, 0, 0, 1, 1]",19
916,0.7,7.850264514923097e-06,0,"[0, 1, 0, 1, 0, 0]",20
917,0.7,5.4502645149230965e-06,0,"[0, 1, 0, 1, 0, 1]",21
918,0.7,5.413011611938477e-06,0,"[0, 1, 0, 1, 1, 0]",22
919,0.7,2.975758708953858e-06,0,"[0, 1, 0, 1, 1, 1]",23
920,0.7,7.813011611938478e-06,0,"[0, 1, 1, 0, 0, 0]",24
921,0.7,5.413011611938477e-06,0,"[0, 1, 1, 0, 0, 1]",25
922,0.7,5.413011611938477e-06,0,"[0, 1, 1, 0, 1, 0]",26
923,0.7,2.975758708953858e-06,0,"[0, 1, 1, 0, 1, 1]",27
924,0.7,5.375758708953858e-06,0,"[0, 1, 1, 1, 0, 0]",28
925,0.7,2.975758708953858e-06,0,"[0, 1, 1, 1, 0, 1]",29
926,0.7,2.9385058059692387e-06,0,"[0, 1, 1, 1, 1, 0]",30
927,0.7,5.012529029846192e-07,0,"[0, 1, 1, 1, 1, 1]",31
928,0.7,1.2650264514923099e-05,1,"[1, 0, 0, 0, 0, 0]",32
929,0.7,7.850264514923097e-06,2,"[1, 0, 0, 0, 0, 1]",33
930,0.7,7.850264514923097e-06,2,"[1, 0, 0, 0, 1, 0]",34
931,0.7,7.813011611938478e-06,1,"[1, 0, 0, 0, 1, 1]",35
932,0.7,7.850264514923097e-06,2,"[1, 0, 0, 1, 0, 0]",36
933,0.7,7.850264514923097e-06,1,"[1, 0, 0, 1, 0, 1]",37
934,0.7,7.813011611938478e-06,1,"[1, 0, 0, 1, 1, 0]",38
935,0.7,5.375758708953858e-06,1,"[1, 0, 0, 1, 1, 1]",39
936,0.7,7.850264514923097e-06,2,"[1, 0, 1, 0, 0, 0]",40
937,0.7,5.413011611938477e-06,2,"[1, 0, 1, 0, 0, 1]",41
938,0.7,7.850264514923097e-06,1,"[1, 0, 1, 0, 1, 0]",42
939,0.7,5.413011611938477e-06,1,"[1, 0, 1, 0, 1, 1]",43
940,0.7,7.813011611938478e-06,1,"[1, 0, 1, 1, 0, 0]",44
941,0.7,5.413011611938477e-06,1,"[1, 0, 1, 1, 0, 1]",45
942,0.7,5.375758708953858e-06,1,"[1, 0, 1, 1, 1, 0]",46
943,0.7,2.9385058059692387e-06,1,"[1, 0, 1, 1, 1, 1]",47
944,0.7,1.0250264514923098e-05,1,"[1, 1, 0, 0, 0, 0]",48
945,0.7,7.850264514923097e-06,1,"[1, 1, 0, 0, 0, 1]",49
946,0.7,7.850264514923097e-06,1,"[1, 1, 0, 0, 1, 0]",50
947,0.7,5.413011611938477e-06,1,"[1, 1, 0, 0, 1, 1]",51
948,0.7,7.850264514923097e-06,1,"[1, 1, 0, 1, 0, 0]",52
949,0.7,5.4502645149230965e-06,1,"[1, 1, 0, 1, 0, 1]",53
950,0.7,5.413011611938477e-06,1,"[1, 1, 0, 1, 1, 0]",54
951,0.7,2.975758708953858e-06,1,"[1, 1, 0, 1, 1, 1]",55
952,0.7,7.813011611938478e-06,1,"[1, 1, 1, 0, 0, 0]",56
953,0.7,5.413011611938477e-06,1,"[1, 1, 1, 0, 0, 1]",57
954,0.7,5.413011611938477e-06,1,"[1, 1, 1, 0, 1, 0]",58
955,0.7,2.975758708953858e-06,1,"[1, 1, 1, 0, 1, 1]",59
956,0.7,5.375758708953858e-06,1,"[1, 1, 1, 1, 0, 0]",60
957,0.7,2.975758708953858e-06,1,"[1, 1, 1, 1, 0, 1]",61
958,0.7,2.9385058059692387e-06,1,"[1, 1, 1, 1, 1, 0]",62
959,0.7,5.012529029846192e-07,1,"[1, 1, 1, 1, 1, 1]",63
960,0.75,1.2650264514923099e-05,0,"[0, 0, 0, 0, 0, 0]",0
961,0.75,7.850264514923097e-06,1,"[0, 0, 0, 0, 0, 1]",1
962,0.75,7.850264514923097e-06,1,"[0, 0, 0, 0, 1, 0]",2
963,0.75,5.413011611938477e-06,1,"[0, 0, 0, 0, 1, 1]",3
964,0.75,7.850264514923097e-06,1,"[0, 0, 0, 1, 0, 0]",4
965,0.75,7.850264514923097e-06,0,"[0, 0, 0, 1, 0, 1]",5
966,0.75,7.813011611938478e-06,0,"[0, 0, 0, 1, 1, 0]",6
967,0.75,5.375758708953858e-06,0,"[0, 0, 0, 1, 1, 1]",7
968,0.75,7.850264514923097e-06,1,"[0, 0, 1, 0, 0, 0]",8
969,0.75,5.413011611938477e-06,1,"[0, 0, 1, 0, 0, 1]",9
970,0.75,7.850264514923097e-06,0,"[0, 0, 1, 0, 1, 0]",10
971,0.75,5.413011611938477e-06,0,"[0, 0, 1, 0, 1, 1]",11
972,0.75,5.375758708953858e-06,1,"[0, 0, 1, 1, 0, 0]",12
973,0.75,5.413011611938477e-06,0,"[0, 0, 1, 1, 0, 1]",13
974,0.75,5.375758708953858e-06,0,"[0, 0, 1, 1, 1, 0]",14
975,0.75,2.9385058059692387e-06,0,"[0, 0, 1, 1, 1, 1]",15
976,0.75,1.0250264514923098e-05,0,"[0, 1, 0, 0, 0, 0]",16
977,0.75,7.850264514923097e-06,0,"[0, 1, 0, 0, 0, 1]",17
978,0.75,7.850264514923097e-06,0,"[0, 1, 0, 0, 1, 0]",18
979,0.75,5.413011611938477e-06,0,"[0, 1, 0, 0, 1, 1]",19
980,0.75,7.850264514923097e-06,0,"[0, 1, 0, 1, 0, 0]",20
981,0.75,5.4502645149230965e-06,0,"[0, 1, 0, 1, 0, 1]",21
982,0.75,5.413011611938477e-06,0,"[0, 1, 0, 1, 1, 0]",22
983,0.75,2.975758708953858e-06,0,"[0, 1, 0, 1, 1, 1]",23
984,0.75,7.813011611938478e-06,0,"[0, 1, 1, 0, 0, 0]",24
985,0.75,5.413011611938477e-06,0,"[0, 1, 1, 0, 0, 1]",25
986,0.75,5.413011611938477e-06,0,"[0, 1, 1, 0, 1, 0]",26
987,0.75,2.975758708953858e-06,0,"[0, 1, 1, 0, 1, 1]",27
988,0.75,5.375758708953858e-06,0,"[0, 1, 1, 1, 0, 0]",28
989,0.75,2.975758708953858e-06,0,"[0, 1, 1, 1, 0, 1]",29
990,0.75,2.9385058059692387e-06,0,"[0, 1, 1, 1, 1, 0]",30
991,0.75,5.012529029846192e-07,0,"[0, 1, 1, 1, 1, 1]",31
992,0.75,1.2650264514923099e-05,1,"[1, 0, 0, 0, 0, 0]",32
993,0.75,7.850264514923097e-06,2,"[1, 0, 0, 0, 0, 1]",33
994,0.75,7.850264514923097e-06,2,"[1, 0, 0, 0, 1, 0]",34
995,0.75,5.413011611938477e-06,2,"[1, 0, 0, 0, 1, 1]",35
996,0.75,7.850264514923097e-06,2,"[1, 0, 0, 1, 0, 0]",36
997,0.75,7.850264514923097e-06,1,"[1, 0, 0, 1, 0, 1]",37
998,0.75,7.813011611938478e-06,1,"[1, 0, 0, 1, 1, 0]",38
999,0.75,5.375758708953858e-06,1,"[1, 0, 0, 1, 1, 1]",39
1000,0.75,7.850264514923097e-06,2,"[1, 0, 1, 0, 0, 0]",40
1001,0.75,5.413011611938477e-06,2,"[1, 0, 1, 0, 0, 1]",41
1002,0.75,7.850264514923097e-06,1,"[1, 0, 1, 0, 1, 0]",42
1003,0.75,5.413011611938477e-06,1,"[1, 0, 1, 0, 1, 1]",43
1004,0.75,7.813011611938478e-06,1,"[1, 0, 1, 1, 0, 0]",44
1005,0.75,5.413011611938477e-06,1,"[1, 0, 1, 1, 0, 1]",45
1006,0.75,5.375758708953858e-06,1,"[1, 0, 1, 1, 1, 0]",46
1007,0.75,2.9385058059692387e-06,1,"[1, 0, 1, 1, 1, 1]",47
1008,0.75,1.0250264514923098e-05,1,"[1, 1, 0, 0, 0, 0]",48
1009,0.75,7.850264514923097e-06,1,"[1, 1, 0, 0, 0, 1]",49
1010,0.75,7.850264514923097e-06,1,"[1, 1, 0, 0, 1, 0]",50
1011,0.75,5.413011611938477e-06,1,"[1, 1, 0, 0, 1, 1]",51
1012,0.75,7.850264514923097e-06,1,"[1, 1, 0, 1, 0, 0]",52
1013,0.75,5.4502645149230965e-06,1,"[1, 1, 0, 1, 0, 1]",53
1014,0.75,5.413011611938477e-06,1,"[1, 1, 0, 1, 1, 0]",54
1015,0.75,2.975758708953858e-06,1,"[1, 1, 0, 1, 1, 1]",55
1016,0.75,7.813011611938478e-06,1,"[1, 1, 1, 0, 0, 0]",56
1017,0.75,5.413011611938477e-06,1,"[1, 1, 1, 0, 0, 1]",57
1018,0.75,5.413011611938477e-06,1,"[1, 1, 1, 0, 1, 0]",58
1019,0.75,2.975758708953858e-06,1,"[1, 1, 1, 0, 1, 1]",59
1020,0.75,5.375758708953858e-06,1,"[1, 1, 1, 1, 0, 0]",60
1021,0.75,2.975758708953858e-06,1,"[1, 1, 1, 1, 0, 1]",61
1022,0.75,2.9385058059692387e-06,1,"[1, 1, 1, 1, 1, 0]",62
1023,0.75,5.012529029846192e-07,1,"[1, 1, 1, 1, 1, 1]",63
1024,0.8,1.2650264514923099e-05,0,"[0, 0, 0, 0, 0, 0]",0
1025,0.8,7.850264514923097e-06,1,"[0, 0, 0, 0, 0, 1]",1
1026,0.8,7.850264514923097e-06,1,"[0, 0, 0, 0, 1, 0]",2
1027,0.8,5.413011611938477e-06,1,"[0, 0, 0, 0, 1, 1]",3
1028,0.8,7.850264514923097e-06,1,"[0, 0, 0, 1, 0, 0]",4
1029,0.8,7.850264514923097e-06,0,"[0, 0, 0, 1, 0, 1]",5
1030,0.8,7.813011611938478e-06,0,"[0, 0, 0, 1, 1, 0]",6
1031,0.8,5.375758708953858e-06,0,"[0, 0, 0, 1, 1, 1]",7
1032,0.8,7.850264514923097e-06,1,"[0, 0, 1, 0, 0, 0]",8
1033,0.8,5.413011611938477e-06,1,"[0, 0, 1, 0, 0, 1]",9
1034,0.8,7.850264514923097e-06,0,"[0, 0, 1, 0, 1, 0]",10
1035,0.8,5.413011611938477e-06,0,"[0, 0, 1, 0, 1, 1]",11
1036,0.8,7.813011611938478e-06,0,"[0, 0, 1, 1, 0, 0]",12
1037,0.8,5.413011611938477e-06,0,"[0, 0, 1, 1, 0, 1]",13
1038,0.8,5.375758708953858e-06,0,"[0, 0, 1, 1, 1, 0]",14
1039,0.8,2.9385058059692387e-06,0,"[0, 0, 1, 1, 1, 1]",15
1040,0.8,1.0250264514923098e-05,0,"[0, 1, 0, 0, 0, 0]",16
1041,0.8,7.850264514923097e-06,0,"[0, 1, 0, 0, 0, 1]",17
1042,0.8,7.850264514923097e-06,0,"[0, 1, 0, 0, 1, 0]",18
1043,0.8,5.413011611938477e-06,0,"[0, 1, 0, 0, 1, 1]",19
1044,0.8,7.850264514923097e-06,0,"[0, 1, 0, 1, 0, 0]",20
1045,0.8,5.4502645149230965e-06,0,"[0, 1, 0, 1, 0, 1]",21
1046,0.8,5.413011611938477e-06,0,"[0, 1, 0, 1, 1, 0]",22
1047,0.8,2.975758708953858e-06,0,"[0, 1, 0, 1, 1, 1]",23
1048,0.8,7.813011611938478e-06,0,"[0, 1, 1, 0, 0, 0]",24
1049,0.8,5.413011611938477e-06,0,"[0, 1, 1, 0, 0, 1]",25
1050,0.8,5.413011611938477e-06,0,"[0, 1, 1, 0, 1, 0]",26
1051,0.8,2.975758708953858e-06,0,"[0, 1, 1, 0, 1, 1]",27
1052,0.8,5.375758708953858e-06,0,"[0, 1, 1, 1, 0, 0]",28
1053,0.8,2.975758708953858e-06,0,"[0, 1, 1, 1, 0, 1]",29
1054,0.8,2.9385058059692387e-06,0,"[0, 1, 1, 1, 1, 0]",30
1055,0.8,5.012529029846192e-07,0,"[0, 1, 1, 1, 1, 1]",31
1056,0.8,1.2650264514923099e-05,1,"[1, 0, 0, 0, 0, 0]",32
1057,0.8,7.850264514923097e-06,2,"[1, 0, 0, 0, 0, 1]",33
1058,0.8,7.850264514923097e-06,2,"[1, 0, 0, 0, 1, 0]",34
1059,0.8,7.813011611938478e-06,1,"[1, 0, 0, 0, 1, 1]",35
1060,0.8,7.850264514923097e-06,2,"[1, 0, 0, 1, 0, 0]",36
1061,0.8,7.850264514923097e-06,1,"[1, 0, 0, 1, 0, 1]",37
1062,0.8,7.813011611938478e-06,1,"[1, 0, 0, 1, 1, 0]",38
1063,0.8,5.375758708953858e-06,1,"[1, 0, 0, 1, 1, 1]",39
1064,0.8,7.850264514923097e-06,2,"[1, 0, 1, 0, 0, 0]",40
1065,0.8,5.413011611938477e-06,2,"[1, 0, 1, 0, 0, 1]",41
1066,0.8,7.850264514923097e-06,1,"[1, 0, 1, 0, 1, 0]",42
1067,0.8,5.413011611938477e-06,1,"[1, 0, 1, 0, 1, 1]",43
1068,0.8,5.375758708953858e-06,2,"[1, 0, 1, 1, 0, 0]",44
1069,0.8,5.413011611938477e-06,1,"[1, 0, 1, 1, 0, 1]",45
1070,0.8,5.375758708953858e-06,1,"[1, 0, 1, 1, 1, 0]",46
1071,0.8,2.9385058059692387e-06,1,"[1, 0, 1, 1, 1, 1]",47
1072,0.8,1.0250264514923098e-05,1,"[1, 1, 0, 0, 0, 0]",48
1073,0.8,7.850264514923097e-06,1,"[1, 1, 0, 0, 0, 1]",49
1074,0.8,7.850264514923097e-06,1,"[1, 1, 0, 0, 1, 0]",50
1075,0.8,5.413011611938477e-06,1,"[1, 1, 0, 0, 1, 1]",51
1076,0.8,7.850264514923097e-06,1,"[1, 1, 0, 1, 0, 0]",52
1077,0.8,5.4502645149230965e-06,1,"[1, 1, 0, 1, 0, 1]",53
1078,0.8,5.413011611938477e-06,1,"[1, 1, 0, 1, 1, 0]",54
1079,0.8,2.975758708953858e-06,1,"[1, 1, 0, 1, 1, 1]",55
1080,0.8,7.813011611938478e-06,1,"[1, 1, 1, 0, 0, 0]",56
1081,0.8,5.413011611938477e-06,1,"[1, 1, 1, 0, 0, 1]",57
1082,0.8,5.413011611938477e-06,1,"[1, 1, 1, 0, 1, 0]",58
1083,0.8,2.975758708953858e-06,1,"[1, 1, 1, 0, 1, 1]",59
1084,0.8,5.375758708953858e-06,1,"[1, 1, 1, 1, 0, 0]",60
1085,0.8,2.975758708953858e-06,1,"[1, 1, 1, 1, 0, 1]",61
1086,0.8,2.9385058059692387e-06,1,"[1, 1, 1, 1, 1, 0]",62
1087,0.8,5.012529029846192e-07,1,"[1, 1, 1, 1, 1, 1]",63
1088,0.85,1.2650264514923099e-05,0,"[0, 0, 0, 0, 0, 0]",0
1089,0.85,7.850264514923097e-06,1,"[0, 0, 0, 0, 0, 1]",1
1090,0.85,7.850264514923097e-06,1,"[0, 0, 0, 0, 1, 0]",2
1091,0.85,5.413011611938477e-06,1,"[0, 0, 0, 0, 1, 1]",3
1092,0.85,7.850264514923097e-06,1,"[0, 0, 0, 1, 0, 0]",4
1093,0.85,7.850264514923097e-06,0,"[0, 0, 0, 1, 0, 1]",5
1094,0.85,7.813011611938478e-06,0,"[0, 0, 0, 1, 1, 0]",6
1095,0.85,5.375758708953858e-06,0,"[0, 0, 0, 1, 1, 1]",7
1096,0.85,7.850264514923097e-06,1,"[0, 0, 1, 0, 0, 0]",8
1097,0.85,5.413011611938477e-06,1,"[0, 0, 1, 0, 0, 1]",9
1098,0.85,7.850264514923097e-06,0,"[0, 0, 1, 0, 1, 0]",10
1099,0.85,5.413011611938477e-06,0,"[0, 0, 1, 0, 1, 1]",11
1100,0.85,7.813011611938478e-06,0,"[0, 0, 1, 1, 0, 0]",12
1101,0.85,5.413011611938477e-06,0,"[0, 0, 1, 1, 0, 1]",13
1102,0.85,5.375758708953858e-06,0,"[0, 0, 1, 1, 1, 0]",14
1103,0.85,2.9385058059692387e-06,0,"[0, 0, 1, 1, 1, 1]",15
1104,0.85,1.0250264514923098e-05,0,"[0, 1, 0, 0, 0, 0]",16
1105,0.85,7.850264514923097e-06,0,"[0, 1, 0, 0, 0, 1]",17
1106,0.85,7.850264514923097e-06,0,"[0, 1, 0, 0, 1, 0]",18
1107,0.85,5.413011611938477e-06,0,"[0, 1, 0, 0, 1, 1]",19
1108,0.85,7.850264514923097e-06,0,"[0, 1, 0, 1, 0, 0]",20
1109,0.85,5.4502645149230965e-06,0,"[0, 1, 0, 1, 0, 1]",21
1110,0.85,5.413011611938477e-06,0,"[0, 1, 0, 1, 1, 0]",22
1111,0.85,2.975758708953858e-06,0,"[0, 1, 0, 1, 1, 1]",23
1112,0.85,7.813011611938478e-06,0,"[0, 1, 1, 0, 0, 0]",24
1113,0.85,5.413011611938477e-06,0,"[0, 1, 1, 0, 0, 1]",25
1114,0.85,5.413011611938477e-06,0,"[0, 1, 1, 0, 1, 0]",26
1115,0.85,2.975758708953858e-06,0,"[0, 1, 1, 0, 1, 1]",27
1116,0.85,5.375758708953858e-06,0,"[0, 1, 1, 1, 0, 0]",28
1117,0.85,2.975758708953858e-06,0,"[0, 1, 1, 1, 0, 1]",29
1118,0.85,2.9385058059692387e-06,0,"[0, 1, 1, 1, 1, 0]",30
1119,0.85,5.012529029846192e-07,0,"[0, 1, 1, 1, 1, 1]",31
1120,0.85,1.2650264514923099e-05,1,"[1, 0, 0, 0, 0, 0]",32
1121,0.85,7.850264514923097e-06,2,"[1, 0, 0, 0, 0, 1]",33
1122,0.85,7.850264514923097e-06,2,"[1, 0, 0, 0, 1, 0]",34
1123,0.85,7.813011611938478e-06,1,"[1, 0, 0, 0, 1, 1]",35
1124,0.85,7.850264514923097e-06,2,"[1, 0, 0, 1, 0, 0]",36
1125,0.85,7.850264514923097e-06,1,"[1, 0, 0, 1, 0, 1]",37
1126,0.85,7.813011611938478e-06,1,"[1, 0, 0, 1, 1, 0]",38
1127,0.85,5.375758708953858e-06,1,"[1, 0, 0, 1, 1, 1]",39
1128,0.85,7.850264514923097e-06,2,"[1, 0, 1, 0, 0, 0]",40
1129,0.85,5.413011611938477e-06,2,"[1, 0, 1, 0, 0, 1]",41
1130,0.85,7.850264514923097e-06,1,"[1, 0, 1, 0, 1, 0]",42
1131,0.85,5.413011611938477e-06,1,"[1, 0, 1, 0, 1, 1]",43
1132,0.85,5.375758708953858e-06,2,"[1, 0, 1, 1, 0, 0]",44
1133,0.85,5.413011611938477e-06,1,"[1, 0, 1, 1, 0, 1]",45
1134,0.85,5.375758708953858e-06,1,"[1, 0, 1, 1, 1, 0]",46
1135,0.85,2.9385058059692387e-06,1,"[1, 0, 1, 1, 1, 1]",47
1136,0.85,1.0250264514923098e-05,1,"[1, 1, 0, 0, 0, 0]",48
1137,0.85,7.850264514923097e-06,1,"[1, 1, 0, 0, 0, 1]",49
1138,0.85,7.850264514923097e-06,1,"[1, 1, 0, 0, 1, 0]",50
1139,0.85,5.413011611938477e-06,1,"[1, 1, 0, 0, 1, 1]",51
1140,0.85,7.850264514923097e-06,1,"[1, 1, 0, 1, 0, 0]",52
1141,0.85,5.4502645149230965e-06,1,"[1, 1, 0, 1, 0, 1]",53
1142,0.85,5.413011611938477e-06,1,"[1, 1, 0, 1, 1, 0]",54
1143,0.85,2.975758708953858e-06,1,"[1, 1, 0, 1, 1, 1]",55
1144,0.85,7.813011611938478e-06,1,"[1, 1, 1, 0, 0, 0]",56
1145,0.85,5.413011611938477e-06,1,"[1, 1, 1, 0, 0, 1]",57
1146,0.85,5.413011611938477e-06,1,"[1, 1, 1, 0, 1, 0]",58
1147,0.85,2.975758708953858e-06,1,"[1, 1, 1, 0, 1, 1]",59
1148,0.85,5.375758708953858e-06,1,"[1, 1, 1, 1, 0, 0]",60
1149,0.85,2.975758708953858e-06,1,"[1, 1, 1, 1, 0, 1]",61
1150,0.85,2.9385058059692387e-06,1,"[1, 1, 1, 1, 1, 0]",62
1151,0.85,5.012529029846192e-07,1,"[1, 1, 1, 1, 1, 1]",63
1152,0.9,1.2650264514923099e-05,0,"[0, 0, 0, 0, 0, 0]",0
1153,0.9,7.850264514923097e-06,1,"[0, 0, 0, 0, 0, 1]",1
1154,0.9,7.850264514923097e-06,1,"[0, 0, 0, 0, 1, 0]",2
1155,0.9,7.813011611938478e-06,0,"[0, 0, 0, 0, 1, 1]",3
1156,0.9,7.850264514923097e-06,1,"[0, 0, 0, 1, 0, 0]",4
1157,0.9,7.850264514923097e-06,0,"[0, 0, 0, 1, 0, 1]",5
1158,0.9,7.813011611938478e-06,0,"[0, 0, 0, 1, 1, 0]",6
1159,0.9,5.375758708953858e-06,0,"[0, 0, 0, 1, 1, 1]",7
1160,0.9,1.0250264514923098e-05,0,"[0, 0, 1, 0, 0, 0]",8
1161,0.9,5.413011611938477e-06,1,"[0, 0, 1, 0, 0, 1]",9
1162,0.9,7.850264514923097e-06,0,"[0, 0, 1, 0, 1, 0]",10
1163,0.9,5.413011611938477e-06,0,"[0, 0, 1, 0, 1, 1]",11
1164,0.9,7.813011611938478e-06,0,"[0, 0, 1, 1, 0, 0]",12
1165,0.9,5.413011611938477e-06,0,"[0, 0, 1, 1, 0, 1]",13
1166,0.9,5.375758708953858e-06,0,"[0, 0, 1, 1, 1, 0]",14
1167,0.9,2.9385058059692387e-06,0,"[0, 0, 1, 1, 1, 1]",15
1168,0.9,1.0250264514923098e-05,0,"[0, 1, 0, 0, 0, 0]",16
1169,0.9,7.850264514923097e-06,0,"[0, 1, 0, 0, 0, 1]",17
1170,0.9,7.850264514923097e-06,0,"[0, 1, 0, 0, 1, 0]",18
1171,0.9,5.413011611938477e-06,0,"[0, 1, 0, 0, 1, 1]",19
1172,0.9,7.850264514923097e-06,0,"[0, 1, 0, 1, 0, 0]",20
1173,0.9,5.4502645149230965e-06,0,"[0, 1, 0, 1, 0, 1]",21
1174,0.9,5.413011611938477e-06,0,"[0, 1, 0, 1, 1, 0]",22
1175,0.9,2.975758708953858e-06,0,"[0, 1, 0, 1, 1, 1]",23
1176,0.9,7.813011611938478e-06,0,"[0, 1, 1, 0, 0, 0]",24
1177,0.9,5.413011611938477e-06,0,"[0, 1, 1, 0, 0, 1]",25
1178,0.9,5.413011611938477e-06,0,"[0, 1, 1, 0, 1, 0]",26
1179,0.9,2.975758708953858e-06,0,"[0, 1, 1, 0, 1, 1]",27
1180,0.9,5.375758708953858e-06,0,"[0, 1, 1, 1, 0, 0]",28
1181,0.9,2.975758708953858e-06,0,"[0, 1, 1, 1, 0, 1]",29
1182,0.9,2.9385058059692387e-06,0,"[0, 1, 1, 1, 1, 0]",30
1183,0.9,5.012529029846192e-07,0,"[0, 1, 1, 1, 1, 1]",31
1184,0.9,1.2650264514923099e-05,1,"[1, 0, 0, 0, 0, 0]",32
1185,0.9,7.850264514923097e-06,2,"[1, 0, 0, 0, 0, 1]",33
1186,0.9,7.850264514923097e-06,2,"[1, 0, 0, 0, 1, 0]",34
1187,0.9,7.813011611938478e-06,1,"[1, 0, 0, 0, 1, 1]",35
1188,0.9,7.850264514923097e-06,2,"[1, 0, 0, 1, 0, 0]",36
1189,0.9,7.850264514923097e-06,1,"[1, 0, 0, 1, 0, 1]",37
1190,0.9,7.813011611938478e-06,1,"[1, 0, 0, 1, 1, 0]",38
1191,0.9,5.375758708953858e-06,1,"[1, 0, 0, 1, 1, 1]",39
1192,0.9,1.0250264514923098e-05,1,"[1, 0, 1, 0, 0, 0]",40
1193,0.9,5.413011611938477e-06,2,"[1, 0, 1, 0, 0, 1]",41
1194,0.9,7.850264514923097e-06,1,"[1, 0, 1, 0, 1, 0]",42
1195,0.9,5.413011611938477e-06,1,"[1, 0, 1, 0, 1, 1]",43
1196,0.9,7.813011611938478e-06,1,"[1, 0, 1, 1, 0, 0]",44
1197,0.9,5.413011611938477e-06,1,"[1, 0, 1, 1, 0, 1]",45
1198,0.9,5.375758708953858e-06,1,"[1, 0, 1, 1, 1, 0]",46
1199,0.9,2.9385058059692387e-06,1,"[1, 0, 1, 1, 1, 1]",47
1200,0.9,1.0250264514923098e-05,1,"[1, 1, 0, 0, 0, 0]",48
1201,0.9,7.850264514923097e-06,1,"[1, 1, 0, 0, 0, 1]",49
1202,0.9,7.850264514923097e-06,1,"[1, 1, 0, 0, 1, 0]",50
1203,0.9,5.413011611938477e-06,1,"[1, 1, 0, 0, 1, 1]",51
1204,0.9,7.850264514923097e-06,1,"[1, 1, 0, 1, 0, 0]",52
1205,0.9,5.4502645149230965e-06,1,"[1, 1, 0, 1, 0, 1]",53
1206,0.9,5.413011611938477e-06,1,"[1, 1, 0, 1, 1, 0]",54
1207,0.9,2.975758708953858e-06,1,"[1, 1, 0, 1, 1, 1]",55
1208,0.9,7.813011611938478e-06,1,"[1, 1, 1, 0, 0, 0]",56
1209,0.9,5.413011611938477e-06,1,"[1, 1, 1, 0, 0, 1]",57
1210,0.9,5.413011611938477e-06,1,"[1, 1, 1, 0, 1, 0]",58
1211,0.9,2.975758708953858e-06,1,"[1, 1, 1, 0, 1, 1]",59
1212,0.9,5.375758708953858e-06,1,"[1, 1, 1, 1, 0, 0]",60
1213,0.9,2.975758708953858e-06,1,"[1, 1, 1, 1, 0, 1]",61
1214,0.9,2.9385058059692387e-06,1,"[1, 1, 1, 1, 1, 0]",62
1215,0.9,5.012529029846192e-07,1,"[1, 1, 1, 1, 1, 1]",63
1216,0.95,1.2650264514923099e-05,0,"[0, 0, 0, 0, 0, 0]",0
1217,0.95,7.850264514923097e-06,1,"[0, 0, 0, 0, 0, 1]",1
1218,0.95,7.850264514923097e-06,1,"[0, 0, 0, 0, 1, 0]",2
1219,0.95,7.813011611938478e-06,0,"[0, 0, 0, 0, 1, 1]",3
1220,0.95,7.850264514923097e-06,1,"[0, 0, 0, 1, 0, 0]",4
1221,0.95,7.850264514923097e-06,0,"[0, 0, 0, 1, 0, 1]",5
1222,0.95,7.813011611938478e-06,0,"[0, 0, 0, 1, 1, 0]",6
1223,0.95,5.375758708953858e-06,0,"[0, 0, 0, 1, 1, 1]",7
1224,0.95,1.0250264514923098e-05,0,"[0, 0, 1, 0, 0, 0]",8
1225,0.95,5.413011611938477e-06,1,"[0, 0, 1, 0, 0, 1]",9
1226,0.95,7.850264514923097e-06,0,"[0, 0, 1, 0, 1, 0]",10
1227,0.95,5.413011611938477e-06,0,"[0, 0, 1, 0, 1, 1]",11
1228,0.95,7.813011611938478e-06,0,"[0, 0, 1, 1, 0, 0]",12
1229,0.95,5.413011611938477e-06,0,"[0, 0, 1, 1, 0, 1]",13
1230,0.95,5.375758708953858e-06,0,"[0, 0, 1, 1, 1, 0]",14
1231,0.95,2.9385058059692387e-06,0,"[0, 0, 1, 1, 1, 1]",15
1232,0.95,1.0250264514923098e-05,0,"[0, 1, 0, 0, 0, 0]",16
1233,0.95,7.850264514923097e-06,0,"[0, 1, 0, 0, 0, 1]",17
1234,0.95,7.850264514923097e-06,0,"[0, 1, 0, 0, 1, 0]",18
1235,0.95,5.413011611938477e-06,0,"[0, 1, 0, 0, 1, 1]",19
1236,0.95,7.850264514923097e-06,0,"[0, 1, 0, 1, 0, 0]",20
1237,0.95,5.4502645149230965e-06,0,"[0, 1, 0, 1, 0, 1]",21
1238,0.95,5.413011611938477e-06,0,"[0, 1, 0, 1, 1, 0]",22
1239,0.95,2.975758708953858e-06,0,"[0, 1, 0, 1, 1, 1]",23
1240,0.95,7.813011611938478e-06,0,"[0, 1, 1, 0, 0, 0]",24
1241,0.95,5.413011611938477e-06,0,"[0, 1, 1, 0, 0, 1]",25
1242,0.95,5.413011611938477e-06,0,"[0, 1, 1, 0, 1, 0]",26
1243,0.95,2.975758708953858e-06,0,"[0, 1, 1, 0, 1, 1]",27
1244,0.95,5.375758708953858e-06,0,"[0, 1, 1, 1, 0, 0]",28
1245,0.95,2.975758708953858e-06,0,"[0, 1, 1, 1, 0, 1]",29
1246,0.95,2.9385058059692387e-06,0,"[0, 1, 1, 1, 1, 0]",30
1247,0.95,5.012529029846192e-07,0,"[0, 1, 1, 1, 1, 1]",31
1248,0.95,1.2650264514923099e-05,1,"[1, 0, 0, 0, 0, 0]",32
1249,0.95,7.850264514923097e-06,2,"[1, 0, 0, 0, 0, 1]",33
1250,0.95,1.0250264514923098e-05,1,"[1, 0, 0, 0, 1, 0]",34
1251,0.95,7.813011611938478e-06,1,"[1, 0, 0, 0, 1, 1]",35
1252,0.95,7.850264514923097e-06,2,"[1, 0, 0, 1, 0, 0]",36
1253,0.95,7.850264514923097e-06,1,"[1, 0, 0, 1, 0, 1]",37
1254,0.95,7.813011611938478e-06,1,"[1, 0, 0, 1, 1, 0]",38
1255,0.95,5.375758708953858e-06,1,"[1, 0, 0, 1, 1, 1]",39
1256,0.95,1.0250264514923098e-05,1,"[1, 0, 1, 0, 0, 0]",40
1257,0.95,5.413011611938477e-06,2,"[1, 0, 1, 0, 0, 1]",41
1258,0.95,7.850264514923097e-06,1,"[1, 0, 1, 0, 1, 0]",42
1259,0.95,5.413011611938477e-06,1,"[1, 0, 1, 0, 1, 1]",43
1260,0.95,7.813011611938478e-06,1,"[1, 0, 1, 1, 0, 0]",44
1261,0.95,5.413011611938477e-06,1,"[1, 0, 1, 1, 0, 1]",45
1262,0.95,5.375758708953858e-06,1,"[1, 0, 1, 1, 1, 0]",46
1263,0.95,2.9385058059692387e-06,1,"[1, 0, 1, 1, 1, 1]",47
1264,0.95,1.0250264514923098e-05,1,"[1, 1, 0, 0, 0, 0]",48
1265,0.95,7.850264514923097e-06,1,"[1, 1, 0, 0, 0, 1]",49
1266,0.95,7.850264514923097e-06,1,"[1, 1, 0, 0, 1, 0]",50
1267,0.95,5.413011611938477e-06,1,"[1, 1, 0, 0, 1, 1]",51
1268,0.95,7.850264514923097e-06,1,"[1, 1, 0, 1, 0, 0]",52
1269,0.95,5.4502645149230965e-06,1,"[1, 1, 0, 1, 0, 1]",53
1270,0.95,5.413011611938477e-06,1,"[1, 1, 0, 1, 1, 0]",54
1271,0.95,2.975758708953858e-06,1,"[1, 1, 0, 1, 1, 1]",55
1272,0.95,7.813011611938478e-06,1,"[1, 1, 1, 0, 0, 0]",56
1273,0.95,5.413011611938477e-06,1,"[1, 1, 1, 0, 0, 1]",57
1274,0.95,5.413011611938477e-06,1,"[1, 1, 1, 0, 1, 0]",58
1275,0.95,2.975758708953858e-06,1,"[1, 1, 1, 0, 1, 1]",59
1276,0.95,5.375758708953858e-06,1,"[1, 1, 1, 1, 0, 0]",60
1277,0.95,2.975758708953858e-06,1,"[1, 1, 1, 1, 0, 1]",61
1278,0.95,2.9385058059692387e-06,1,"[1, 1, 1, 1, 1, 0]",62
1279,0.95,5.012529029846192e-07,1,"[1, 1, 1, 1, 1, 1]",63
1280,1.0,1.2650264514923099e-05,0,"[0, 0, 0, 0, 0, 0]",0
1281,1.0,7.850264514923097e-06,1,"[0, 0, 0, 0, 0, 1]",1
1282,1.0,1.0250264514923098e-05,0,"[0, 0, 0, 0, 1, 0]",2
1283,1.0,5.413011611938477e-06,1,"[0, 0, 0, 0, 1, 1]",3
1284,1.0,1.0250264514923098e-05,0,"[0, 0, 0, 1, 0, 0]",4
1285,1.0,7.850264514923097e-06,0,"[0, 0, 0, 1, 0, 1]",5
1286,1.0,7.813011611938478e-06,0,"[0, 0, 0, 1, 1, 0]",6
1287,1.0,5.375758708953858e-06,0,"[0, 0, 0, 1, 1, 1]",7
1288,1.0,1.0250264514923098e-05,0,"[0, 0, 1, 0, 0, 0]",8
1289,1.0,5.413011611938477e-06,1,"[0, 0, 1, 0, 0, 1]",9
1290,1.0,7.850264514923097e-06,0,"[0, 0, 1, 0, 1, 0]",10
1291,1.0,5.413011611938477e-06,0,"[0, 0, 1, 0, 1, 1]",11
1292,1.0,5.375758708953858e-06,1,"[0, 0, 1, 1, 0, 0]",12
1293,1.0,5.413011611938477e-06,0,"[0, 0, 1, 1, 0, 1]",13
1294,1.0,5.375758708953858e-06,0,"[0, 0, 1, 1, 1, 0]",14
1295,1.0,2.9385058059692387e-06,0,"[0, 0, 1, 1, 1, 1]",15
1296,1.0,1.0250264514923098e-05,0,"[0, 1, 0, 0, 0, 0]",16
1297,1.0,7.850264514923097e-06,0,"[0, 1, 0, 0, 0, 1]",17
1298,1.0,7.850264514923097e-06,0,"[0, 1, 0, 0, 1, 0]",18
1299,1.0,5.413011611938477e-06,0,"[0, 1, 0, 0, 1, 1]",19
1300,1.0,7.850264514923097e-06,0,"[0, 1, 0, 1, 0, 0]",20
1301,1.0,5.4502645149230965e-06,0,"[0, 1, 0, 1, 0, 1]",21
1302,1.0,5.413011611938477e-06,0,"[0, 1, 0, 1, 1, 0]",22
1303,1.0,2.975758708953858e-06,0,"[0, 1, 0, 1, 1, 1]",23
1304,1.0,7.813011611938478e-06,0,"[0, 1, 1, 0, 0, 0]",24
1305,1.0,5.413011611938477e-06,0,"[0, 1, 1, 0, 0, 1]",25
1306,1.0,5.413011611938477e-06,0,"[0, 1, 1, 0, 1, 0]",26
1307,1.0,2.975758708953858e-06,0,"[0, 1, 1, 0, 1, 1]",27
1308,1.0,5.375758708953858e-06,0,"[0, 1, 1, 1, 0, 0]",28
1309,1.0,2.975758708953858e-06,0,"[0, 1, 1, 1, 0, 1]",29
1310,1.0,2.9385058059692387e-06,0,"[0, 1, 1, 1, 1, 0]",30
1311,1.0,5.012529029846192e-07,0,"[0, 1, 1, 1, 1, 1]",31
1312,1.0,1.2650264514923099e-05,1,"[1, 0, 0, 0, 0, 0]",32
1313,1.0,7.850264514923097e-06,2,"[1, 0, 0, 0, 0, 1]",33
1314,1.0,1.0250264514923098e-05,1,"[1, 0, 0, 0, 1, 0]",34
1315,1.0,7.813011611938478e-06,1,"[1, 0, 0, 0, 1, 1]",35
1316,1.0,1.0250264514923098e-05,1,"[1, 0, 0, 1, 0, 0]",36
1317,1.0,7.850264514923097e-06,1,"[1, 0, 0, 1, 0, 1]",37
1318,1.0,7.813011611938478e-06,1,"[1, 0, 0, 1, 1, 0]",38
1319,1.0,5.375758708953858e-06,1,"[1, 0, 0, 1, 1, 1]",39
1320,1.0,1.0250264514923098e-05,1,"[1, 0, 1, 0, 0, 0]",40
1321,1.0,5.413011611938477e-06,2,"[1, 0, 1, 0, 0, 1]",41
1322,1.0,7.850264514923097e-06,1,"[1, 0, 1, 0, 1, 0]",42
1323,1.0,5.413011611938477e-06,1,"[1, 0, 1, 0, 1, 1]",43
1324,1.0,5.375758708953858e-06,2,"[1, 0, 1, 1, 0, 0]",44
1325,1.0,5.413011611938477e-06,1,"[1, 0, 1, 1, 0, 1]",45
1326,1.0,5.375758708953858e-06,1,"[1, 0, 1, 1, 1, 0]",46
1327,1.0,2.9385058059692387e-06,1,"[1, 0, 1, 1, 1, 1]",47
1328,1.0,1.0250264514923098e-05,1,"[1, 1, 0, 0, 0, 0]",48
1329,1.0,7.850264514923097e-06,1,"[1, 1, 0, 0, 0, 1]",49
1330,1.0,7.850264514923097e-06,1,"[1, 1, 0, 0, 1, 0]",50
1331,1.0,5.413011611938477e-06,1,"[1, 1, 0, 0, 1, 1]",51
1332,1.0,7.850264514923097e-06,1,"[1, 1, 0, 1, 0, 0]",52
1333,1.0,5.4502645149230965e-06,1,"[1, 1, 0, 1, 0, 1]",53
1334,1.0,5.413011611938477e-06,1,"[1, 1, 0, 1, 1, 0]",54
1335,1.0,2.975758708953858e-06,1,"[1, 1, 0, 1, 1, 1]",55
1336,1.0,7.813011611938478e-06,1,"[1, 1, 1, 0, 0, 0]",56
1337,1.0,5.413011611938477e-06,1,"[1, 1, 1, 0, 0, 1]",57
1338,1.0,5.413011611938477e-06,1,"[1, 1, 1, 0, 1, 0]",58
1339,1.0,2.975758708953858e-06,1,"[1, 1, 1, 0, 1, 1]",59
1340,1.0,5.375758708953858e-06,1,"[1, 1, 1, 1, 0, 0]",60
1341,1.0,2.975758708953858e-06,1,"[1, 1, 1, 1, 0, 1]",61
1342,1.0,2.9385058059692387e-06,1,"[1, 1, 1, 1, 1, 0]",62
1343,1.0,5.012529029846192e-07,1,"[1, 1, 1, 1, 1, 1]",63
